JOBID,NAME,STATE,TIME,PARTITION,NODES,CPUS,MIN_MEMORY,NODELIST
29990297,b880-3,COMPLETI,1:43:07,boost_usr_pr,1,16,0,lrdn0496
29881376,011_p_22,PENDING,0:00,boost_usr_pr,32,1024,15400M,
29705502_[,main_train,PENDING,0:00,boost_usr_pr,1,32,200G,
29705963_[,main_train,PENDING,0:00,boost_usr_pr,1,32,200G,
29705912_[,main_train,PENDING,0:00,boost_usr_pr,1,32,200G,
29942326,NEP,PENDING,0:00,boost_usr_pr,1,1,0,
29942324,NEP,PENDING,0:00,boost_usr_pr,1,1,0,
29942331,NEP,PENDING,0:00,boost_usr_pr,1,1,0,
29950165_[,ft_mixdpoEXT_7B,PENDING,0:00,boost_usr_pr,8,64,15400M,
29950257,NEP,PENDING,0:00,boost_usr_pr,1,1,15400M,
29950277,NEP,PENDING,0:00,boost_usr_pr,1,1,15400M,
29950261,NEP,PENDING,0:00,boost_usr_pr,1,1,15400M,
29950302,NEP,PENDING,0:00,boost_usr_pr,1,1,15400M,
29950298,NEP,PENDING,0:00,boost_usr_pr,1,1,15400M,
29950323,NEP,PENDING,0:00,boost_usr_pr,1,1,15400M,
29950321,NEP,PENDING,0:00,boost_usr_pr,1,1,15400M,
29950305,NEP,PENDING,0:00,boost_usr_pr,1,1,15400M,
29950347,NEP,PENDING,0:00,boost_usr_pr,1,1,15400M,
29952850,NEP,PENDING,0:00,boost_usr_pr,1,1,15400M,
29952847,NEP,PENDING,0:00,boost_usr_pr,1,1,15400M,
29952875,NEP,PENDING,0:00,boost_usr_pr,1,1,15400M,
29953570,NEP,PENDING,0:00,boost_usr_pr,1,1,15400M,
29953593,NEP,PENDING,0:00,boost_usr_pr,1,1,15400M,
29953592,NEP,PENDING,0:00,boost_usr_pr,1,1,15400M,
29995370,job_serial.gpu,PENDING,0:00,boost_usr_pr,1,1,15400M,
29962053_[,llama_roberta_a,PENDING,0:00,boost_usr_pr,1,4,15400M,
29960415,dppc_315,PENDING,0:00,boost_usr_pr,1,8,15400M,
29960414,dppc_315,PENDING,0:00,boost_usr_pr,1,8,15400M,
29960413,dppc_315,PENDING,0:00,boost_usr_pr,1,8,15400M,
29960412,dppc_315,PENDING,0:00,boost_usr_pr,1,8,15400M,
29960411,dppc_315,PENDING,0:00,boost_usr_pr,1,8,15400M,
29960410,dppc_315,PENDING,0:00,boost_usr_pr,1,8,15400M,
29960409,dppc_315,PENDING,0:00,boost_usr_pr,1,8,15400M,
29960407,dppc_315,PENDING,0:00,boost_usr_pr,1,8,15400M,
29960394,dppc_315,PENDING,0:00,boost_usr_pr,1,8,15400M,
29960393,dppc_315,PENDING,0:00,boost_usr_pr,1,8,15400M,
29960392,dppc_315,PENDING,0:00,boost_usr_pr,1,8,15400M,
29960391,dppc_315,PENDING,0:00,boost_usr_pr,1,8,15400M,
29960390,dppc_315,PENDING,0:00,boost_usr_pr,1,8,15400M,
29960389,dppc_315,PENDING,0:00,boost_usr_pr,1,8,15400M,
29960388,dppc_315,PENDING,0:00,boost_usr_pr,1,8,15400M,
29960387,dppc_315,PENDING,0:00,boost_usr_pr,1,8,15400M,
29958018,chol10,PENDING,0:00,boost_usr_pr,1,8,15400M,
29958017,chol10,PENDING,0:00,boost_usr_pr,1,8,15400M,
29958016,chol10,PENDING,0:00,boost_usr_pr,1,8,15400M,
29958015,chol10,PENDING,0:00,boost_usr_pr,1,8,15400M,
29958014,chol10,PENDING,0:00,boost_usr_pr,1,8,15400M,
29958013,chol10,PENDING,0:00,boost_usr_pr,1,8,15400M,
29958012,chol10,PENDING,0:00,boost_usr_pr,1,8,15400M,
29958011,chol10,PENDING,0:00,boost_usr_pr,1,8,15400M,
29956862,chol25,PENDING,0:00,boost_usr_pr,1,8,15400M,
29956861,chol25,PENDING,0:00,boost_usr_pr,1,8,15400M,
29956860,chol25,PENDING,0:00,boost_usr_pr,1,8,15400M,
29956859,chol25,PENDING,0:00,boost_usr_pr,1,8,15400M,
29956858,chol25,PENDING,0:00,boost_usr_pr,1,8,15400M,
29956857,chol25,PENDING,0:00,boost_usr_pr,1,8,15400M,
29956856,chol25,PENDING,0:00,boost_usr_pr,1,8,15400M,
29956855,chol25,PENDING,0:00,boost_usr_pr,1,8,15400M,
29956235,ABt2,PENDING,0:00,boost_usr_pr,1,4,15400M,
29956234,ABt2,PENDING,0:00,boost_usr_pr,1,4,15400M,
29956233,ABt2,PENDING,0:00,boost_usr_pr,1,4,15400M,
29956232,ABt2,PENDING,0:00,boost_usr_pr,1,4,15400M,
29956231,ABt2,PENDING,0:00,boost_usr_pr,1,4,15400M,
29956230,ABt2,PENDING,0:00,boost_usr_pr,1,4,15400M,
29956228,ABt2,PENDING,0:00,boost_usr_pr,1,4,15400M,
29956227,ABt2,PENDING,0:00,boost_usr_pr,1,4,15400M,
29956226,ABt2,PENDING,0:00,boost_usr_pr,1,4,15400M,
29956225,ABt2,PENDING,0:00,boost_usr_pr,1,4,15400M,
29388555,apo_r2,PENDING,0:00,boost_usr_pr,1,8,15400M,
29388554,apo_r2,PENDING,0:00,boost_usr_pr,1,8,15400M,
29388553,apo_r2,PENDING,0:00,boost_usr_pr,1,8,15400M,
29388552,apo_r2,PENDING,0:00,boost_usr_pr,1,8,15400M,
29388551,apo_r2,PENDING,0:00,boost_usr_pr,1,8,15400M,
29388550,apo_r2,PENDING,0:00,boost_usr_pr,1,8,15400M,
29388549,apo_r2,PENDING,0:00,boost_usr_pr,1,8,15400M,
29388548,apo_r2,PENDING,0:00,boost_usr_pr,1,8,15400M,
29388547,apo_r2,PENDING,0:00,boost_usr_pr,1,8,15400M,
29388546,apo_r2,PENDING,0:00,boost_usr_pr,1,8,15400M,
29388545,apo_r2,PENDING,0:00,boost_usr_pr,1,8,15400M,
29388544,apo_r2,PENDING,0:00,boost_usr_pr,1,8,15400M,
29388543,apo_r2,PENDING,0:00,boost_usr_pr,1,8,15400M,
29388542,apo_r2,PENDING,0:00,boost_usr_pr,1,8,15400M,
29388541,apo_r2,PENDING,0:00,boost_usr_pr,1,8,15400M,
29388540,apo_r2,PENDING,0:00,boost_usr_pr,1,8,15400M,
29388539,apo_r2,PENDING,0:00,boost_usr_pr,1,8,15400M,
29388538,apo_r2,PENDING,0:00,boost_usr_pr,1,8,15400M,
29388537,apo_r2,PENDING,0:00,boost_usr_pr,1,8,15400M,
29388536,apo_r2,PENDING,0:00,boost_usr_pr,1,8,15400M,
29388521,apo_r2,PENDING,0:00,boost_usr_pr,1,8,15400M,
29388520,apo_r2,PENDING,0:00,boost_usr_pr,1,8,15400M,
29388519,apo_r2,PENDING,0:00,boost_usr_pr,1,8,15400M,
29388518,apo_r2,PENDING,0:00,boost_usr_pr,1,8,15400M,
29388517,apo_r2,PENDING,0:00,boost_usr_pr,1,8,15400M,
29388516,apo_r2,PENDING,0:00,boost_usr_pr,1,8,15400M,
29388515,apo_r2,PENDING,0:00,boost_usr_pr,1,8,15400M,
29388514,apo_r2,PENDING,0:00,boost_usr_pr,1,8,15400M,
29388513,apo_r2,PENDING,0:00,boost_usr_pr,1,8,15400M,
29388512,apo_r2,PENDING,0:00,boost_usr_pr,1,8,15400M,
29388511,apo_r2,PENDING,0:00,boost_usr_pr,1,8,15400M,
29388510,apo_r2,PENDING,0:00,boost_usr_pr,1,8,15400M,
29388508,apo_r2,PENDING,0:00,boost_usr_pr,1,8,15400M,
29388507,apo_r2,PENDING,0:00,boost_usr_pr,1,8,15400M,
29388506,apo_r2,PENDING,0:00,boost_usr_pr,1,8,15400M,
29388054,apo_r1,PENDING,0:00,boost_usr_pr,1,8,15400M,
29388053,apo_r1,PENDING,0:00,boost_usr_pr,1,8,15400M,
29388052,apo_r1,PENDING,0:00,boost_usr_pr,1,8,15400M,
29388051,apo_r1,PENDING,0:00,boost_usr_pr,1,8,15400M,
29388050,apo_r1,PENDING,0:00,boost_usr_pr,1,8,15400M,
29388049,apo_r1,PENDING,0:00,boost_usr_pr,1,8,15400M,
29388048,apo_r1,PENDING,0:00,boost_usr_pr,1,8,15400M,
29388047,apo_r1,PENDING,0:00,boost_usr_pr,1,8,15400M,
29388046,apo_r1,PENDING,0:00,boost_usr_pr,1,8,15400M,
29388045,apo_r1,PENDING,0:00,boost_usr_pr,1,8,15400M,
29388044,apo_r1,PENDING,0:00,boost_usr_pr,1,8,15400M,
29388043,apo_r1,PENDING,0:00,boost_usr_pr,1,8,15400M,
29388042,apo_r1,PENDING,0:00,boost_usr_pr,1,8,15400M,
29388041,apo_r1,PENDING,0:00,boost_usr_pr,1,8,15400M,
29388040,apo_r1,PENDING,0:00,boost_usr_pr,1,8,15400M,
29388039,apo_r1,PENDING,0:00,boost_usr_pr,1,8,15400M,
29388038,apo_r1,PENDING,0:00,boost_usr_pr,1,8,15400M,
29388037,apo_r1,PENDING,0:00,boost_usr_pr,1,8,15400M,
29388036,apo_r1,PENDING,0:00,boost_usr_pr,1,8,15400M,
29388035,apo_r1,PENDING,0:00,boost_usr_pr,1,8,15400M,
29388034,apo_r1,PENDING,0:00,boost_usr_pr,1,8,15400M,
29388033,apo_r1,PENDING,0:00,boost_usr_pr,1,8,15400M,
29388032,apo_r1,PENDING,0:00,boost_usr_pr,1,8,15400M,
29388031,apo_r1,PENDING,0:00,boost_usr_pr,1,8,15400M,
29388030,apo_r1,PENDING,0:00,boost_usr_pr,1,8,15400M,
29388029,apo_r1,PENDING,0:00,boost_usr_pr,1,8,15400M,
29388028,apo_r1,PENDING,0:00,boost_usr_pr,1,8,15400M,
29388027,apo_r1,PENDING,0:00,boost_usr_pr,1,8,15400M,
29388026,apo_r1,PENDING,0:00,boost_usr_pr,1,8,15400M,
29388025,apo_r1,PENDING,0:00,boost_usr_pr,1,8,15400M,
29388024,apo_r1,PENDING,0:00,boost_usr_pr,1,8,15400M,
29388023,apo_r1,PENDING,0:00,boost_usr_pr,1,8,15400M,
29388022,apo_r1,PENDING,0:00,boost_usr_pr,1,8,15400M,
29388021,apo_r1,PENDING,0:00,boost_usr_pr,1,8,15400M,
29388020,apo_r1,PENDING,0:00,boost_usr_pr,1,8,15400M,
29125525,ABt2,PENDING,0:00,boost_usr_pr,1,4,15400M,
29125524,ABt2,PENDING,0:00,boost_usr_pr,1,4,15400M,
29125523,ABt2,PENDING,0:00,boost_usr_pr,1,4,15400M,
29975796,v6_ext_resume,PENDING,0:00,boost_usr_pr,1,32,200G,
29953463,Hddp,PENDING,0:00,boost_usr_pr,2,64,480000M,
29953362,80H-1GPa,PENDING,0:00,boost_usr_pr,2,64,480000M,
29988930,RPN_MNHV.sh,PENDING,0:00,boost_usr_pr,12,48,256G,
29988929,RPN_MNHV.sh,PENDING,0:00,boost_usr_pr,12,48,256G,
29988928,RPN_MNHV.sh,PENDING,0:00,boost_usr_pr,12,48,256G,
29953728,CPN_MNHV.sh,PENDING,0:00,boost_usr_pr,12,48,256G,
29953726,CPN_MNHV.sh,PENDING,0:00,boost_usr_pr,12,48,256G,
29953724,CPN_MNHV.sh,PENDING,0:00,boost_usr_pr,12,48,256G,
29952502,CPN_HNHV.sh,PENDING,0:00,boost_usr_pr,12,48,256G,
29952501,CPN_HNHV.sh,PENDING,0:00,boost_usr_pr,12,48,256G,
29952500,CPN_HNHV.sh,PENDING,0:00,boost_usr_pr,12,48,256G,
29952405,RPN_HNHV.sh,PENDING,0:00,boost_usr_pr,12,48,256G,
29952404,RPN_HNHV.sh,PENDING,0:00,boost_usr_pr,12,48,256G,
29952403,RPN_HNHV.sh,PENDING,0:00,boost_usr_pr,12,48,256G,
29989143,LPN.sh,PENDING,0:00,boost_usr_pr,1,4,256G,
29881982,plainmd,PENDING,0:00,boost_usr_pr,1,8,15400M,
29881981,plainmd,PENDING,0:00,boost_usr_pr,1,8,15400M,
29881980,plainmd,PENDING,0:00,boost_usr_pr,1,8,15400M,
29881979,plainmd,PENDING,0:00,boost_usr_pr,1,8,15400M,
29881976,plainmd,PENDING,0:00,boost_usr_pr,1,8,15400M,
29881975,plainmd,PENDING,0:00,boost_usr_pr,1,8,15400M,
29881974,plainmd,PENDING,0:00,boost_usr_pr,1,8,15400M,
29881973,plainmd,PENDING,0:00,boost_usr_pr,1,8,15400M,
29881970,plainmd,PENDING,0:00,boost_usr_pr,1,8,15400M,
29881969,plainmd,PENDING,0:00,boost_usr_pr,1,8,15400M,
29881968,plainmd,PENDING,0:00,boost_usr_pr,1,8,15400M,
29881967,plainmd,PENDING,0:00,boost_usr_pr,1,8,15400M,
29881964,plainmd,PENDING,0:00,boost_usr_pr,1,8,15400M,
29881963,plainmd,PENDING,0:00,boost_usr_pr,1,8,15400M,
29881962,plainmd,PENDING,0:00,boost_usr_pr,1,8,15400M,
29881961,plainmd,PENDING,0:00,boost_usr_pr,1,8,15400M,
29995056,llava_st2__alig,PENDING,0:00,boost_usr_pr,4,64,220G,
29876563,sbatch_acemd,PENDING,0:00,boost_usr_pr,1,1,15400M,
29876562,sbatch_acemd,PENDING,0:00,boost_usr_pr,1,1,15400M,
29876561,sbatch_acemd,PENDING,0:00,boost_usr_pr,1,1,15400M,
29876560,sbatch_acemd,PENDING,0:00,boost_usr_pr,1,1,15400M,
29876559,sbatch_acemd,PENDING,0:00,boost_usr_pr,1,1,15400M,
29876549,sbatch_acemd,PENDING,0:00,boost_usr_pr,1,1,15400M,
29876547,sbatch_acemd,PENDING,0:00,boost_usr_pr,1,1,15400M,
29876546,sbatch_acemd,PENDING,0:00,boost_usr_pr,1,1,15400M,
29876545,sbatch_acemd,PENDING,0:00,boost_usr_pr,1,1,15400M,
29876544,sbatch_acemd,PENDING,0:00,boost_usr_pr,1,1,15400M,
29876536,sbatch_acemd,PENDING,0:00,boost_usr_pr,1,1,15400M,
29876535,sbatch_acemd,PENDING,0:00,boost_usr_pr,1,1,15400M,
29876534,sbatch_acemd,PENDING,0:00,boost_usr_pr,1,1,15400M,
29876533,sbatch_acemd,PENDING,0:00,boost_usr_pr,1,1,15400M,
29876532,sbatch_acemd,PENDING,0:00,boost_usr_pr,1,1,15400M,
29876520,sbatch_acemd,PENDING,0:00,boost_usr_pr,1,1,15400M,
29876519,sbatch_acemd,PENDING,0:00,boost_usr_pr,1,1,15400M,
29876518,sbatch_acemd,PENDING,0:00,boost_usr_pr,1,1,15400M,
29876517,sbatch_acemd,PENDING,0:00,boost_usr_pr,1,1,15400M,
29876516,sbatch_acemd,PENDING,0:00,boost_usr_pr,1,1,15400M,
29876511,sbatch_acemd,PENDING,0:00,boost_usr_pr,1,1,15400M,
29876510,sbatch_acemd,PENDING,0:00,boost_usr_pr,1,1,15400M,
29876509,sbatch_acemd,PENDING,0:00,boost_usr_pr,1,1,15400M,
29876508,sbatch_acemd,PENDING,0:00,boost_usr_pr,1,1,15400M,
29876507,sbatch_acemd,PENDING,0:00,boost_usr_pr,1,1,15400M,
29876495,sbatch_acemd,PENDING,0:00,boost_usr_pr,1,1,15400M,
29876494,sbatch_acemd,PENDING,0:00,boost_usr_pr,1,1,15400M,
29876493,sbatch_acemd,PENDING,0:00,boost_usr_pr,1,1,15400M,
29876492,sbatch_acemd,PENDING,0:00,boost_usr_pr,1,1,15400M,
29876491,sbatch_acemd,PENDING,0:00,boost_usr_pr,1,1,15400M,
29876486,sbatch_acemd,PENDING,0:00,boost_usr_pr,1,1,15400M,
29876485,sbatch_acemd,PENDING,0:00,boost_usr_pr,1,1,15400M,
29876484,sbatch_acemd,PENDING,0:00,boost_usr_pr,1,1,15400M,
29876483,sbatch_acemd,PENDING,0:00,boost_usr_pr,1,1,15400M,
29876482,sbatch_acemd,PENDING,0:00,boost_usr_pr,1,1,15400M,
29876472,sbatch_acemd,PENDING,0:00,boost_usr_pr,1,1,15400M,
29876471,sbatch_acemd,PENDING,0:00,boost_usr_pr,1,1,15400M,
29876470,sbatch_acemd,PENDING,0:00,boost_usr_pr,1,1,15400M,
29876469,sbatch_acemd,PENDING,0:00,boost_usr_pr,1,1,15400M,
29876468,sbatch_acemd,PENDING,0:00,boost_usr_pr,1,1,15400M,
29876439,sbatch_acemd,PENDING,0:00,boost_usr_pr,1,1,15400M,
29876437,sbatch_acemd,PENDING,0:00,boost_usr_pr,1,1,15400M,
29876436,sbatch_acemd,PENDING,0:00,boost_usr_pr,1,1,15400M,
29876435,sbatch_acemd,PENDING,0:00,boost_usr_pr,1,1,15400M,
29876434,sbatch_acemd,PENDING,0:00,boost_usr_pr,1,1,15400M,
29876423,sbatch_acemd,PENDING,0:00,boost_usr_pr,1,1,15400M,
29876421,sbatch_acemd,PENDING,0:00,boost_usr_pr,1,1,15400M,
29876420,sbatch_acemd,PENDING,0:00,boost_usr_pr,1,1,15400M,
29876418,sbatch_acemd,PENDING,0:00,boost_usr_pr,1,1,15400M,
29876416,sbatch_acemd,PENDING,0:00,boost_usr_pr,1,1,15400M,
29876404,sbatch_acemd,PENDING,0:00,boost_usr_pr,1,1,15400M,
29876403,sbatch_acemd,PENDING,0:00,boost_usr_pr,1,1,15400M,
29876402,sbatch_acemd,PENDING,0:00,boost_usr_pr,1,1,15400M,
29876401,sbatch_acemd,PENDING,0:00,boost_usr_pr,1,1,15400M,
29876400,sbatch_acemd,PENDING,0:00,boost_usr_pr,1,1,15400M,
29876381,sbatch_acemd,PENDING,0:00,boost_usr_pr,1,1,15400M,
29876380,sbatch_acemd,PENDING,0:00,boost_usr_pr,1,1,15400M,
29876379,sbatch_acemd,PENDING,0:00,boost_usr_pr,1,1,15400M,
29876378,sbatch_acemd,PENDING,0:00,boost_usr_pr,1,1,15400M,
29876377,sbatch_acemd,PENDING,0:00,boost_usr_pr,1,1,15400M,
29876372,sbatch_acemd,PENDING,0:00,boost_usr_pr,1,1,15400M,
29876371,sbatch_acemd,PENDING,0:00,boost_usr_pr,1,1,15400M,
29876370,sbatch_acemd,PENDING,0:00,boost_usr_pr,1,1,15400M,
29876369,sbatch_acemd,PENDING,0:00,boost_usr_pr,1,1,15400M,
29876368,sbatch_acemd,PENDING,0:00,boost_usr_pr,1,1,15400M,
29876361,sbatch_acemd,PENDING,0:00,boost_usr_pr,1,1,15400M,
29876360,sbatch_acemd,PENDING,0:00,boost_usr_pr,1,1,15400M,
29876359,sbatch_acemd,PENDING,0:00,boost_usr_pr,1,1,15400M,
29876358,sbatch_acemd,PENDING,0:00,boost_usr_pr,1,1,15400M,
29876357,sbatch_acemd,PENDING,0:00,boost_usr_pr,1,1,15400M,
29876351,sbatch_acemd,PENDING,0:00,boost_usr_pr,1,1,15400M,
29876350,sbatch_acemd,PENDING,0:00,boost_usr_pr,1,1,15400M,
29876349,sbatch_acemd,PENDING,0:00,boost_usr_pr,1,1,15400M,
29876348,sbatch_acemd,PENDING,0:00,boost_usr_pr,1,1,15400M,
29876347,sbatch_acemd,PENDING,0:00,boost_usr_pr,1,1,15400M,
29876322,sbatch_acemd,PENDING,0:00,boost_usr_pr,1,1,15400M,
29876321,sbatch_acemd,PENDING,0:00,boost_usr_pr,1,1,15400M,
29876320,sbatch_acemd,PENDING,0:00,boost_usr_pr,1,1,15400M,
29876319,sbatch_acemd,PENDING,0:00,boost_usr_pr,1,1,15400M,
29876318,sbatch_acemd,PENDING,0:00,boost_usr_pr,1,1,15400M,
29448267,sbatch_acemd,PENDING,0:00,boost_usr_pr,1,1,15400M,
29448266,sbatch_acemd,PENDING,0:00,boost_usr_pr,1,1,15400M,
29932752,SAM3_VSPW/SAM3_,PENDING,0:00,boost_usr_pr,1,1,15400M,
29932751,SAM3_VSPW/SAM3_,PENDING,0:00,boost_usr_pr,1,1,15400M,
29951524,1-TRAAK-199,PENDING,0:00,boost_usr_pr,1,32,15400M,
29951523,1-TRAAK-196,PENDING,0:00,boost_usr_pr,1,32,15400M,
29951522,1-TRAAK-193,PENDING,0:00,boost_usr_pr,1,32,15400M,
29951521,1-TRAAK-190,PENDING,0:00,boost_usr_pr,1,32,15400M,
29951520,1-TRAAK-187,PENDING,0:00,boost_usr_pr,1,32,15400M,
29951519,1-TRAAK-184,PENDING,0:00,boost_usr_pr,1,32,15400M,
29951518,1-TRAAK-181,PENDING,0:00,boost_usr_pr,1,32,15400M,
29951517,1-TRAAK-178,PENDING,0:00,boost_usr_pr,1,32,15400M,
29951516,1-TRAAK-175,PENDING,0:00,boost_usr_pr,1,32,15400M,
29951515,1-TRAAK-172,PENDING,0:00,boost_usr_pr,1,32,15400M,
29951514,1-TRAAK-169,PENDING,0:00,boost_usr_pr,1,32,15400M,
29951513,1-TRAAK-166,PENDING,0:00,boost_usr_pr,1,32,15400M,
29951512,1-TRAAK-163,PENDING,0:00,boost_usr_pr,1,32,15400M,
29951511,1-TRAAK-160,PENDING,0:00,boost_usr_pr,1,32,15400M,
29951510,1-TRAAK-157,PENDING,0:00,boost_usr_pr,1,32,15400M,
29951509,1-TRAAK-154,PENDING,0:00,boost_usr_pr,1,32,15400M,
29951508,1-TRAAK-151,PENDING,0:00,boost_usr_pr,1,32,15400M,
29951507,1-TRAAK-148,PENDING,0:00,boost_usr_pr,1,32,15400M,
29951506,1-TRAAK-145,PENDING,0:00,boost_usr_pr,1,32,15400M,
29951505,1-TRAAK-142,PENDING,0:00,boost_usr_pr,1,32,15400M,
29951504,1-TRAAK-139,PENDING,0:00,boost_usr_pr,1,32,15400M,
29951503,1-TRAAK-136,PENDING,0:00,boost_usr_pr,1,32,15400M,
29951502,1-TRAAK-133,PENDING,0:00,boost_usr_pr,1,32,15400M,
29951501,1-TRAAK-130,PENDING,0:00,boost_usr_pr,1,32,15400M,
29951500,1-TRAAK-127,PENDING,0:00,boost_usr_pr,1,32,15400M,
29951499,1-TRAAK-124,PENDING,0:00,boost_usr_pr,1,32,15400M,
29951498,1-TRAAK-121,PENDING,0:00,boost_usr_pr,1,32,15400M,
29951497,1-TRAAK-118,PENDING,0:00,boost_usr_pr,1,32,15400M,
29951496,1-TRAAK-115,PENDING,0:00,boost_usr_pr,1,32,15400M,
29951494,1-TRAAK-112,PENDING,0:00,boost_usr_pr,1,32,15400M,
29951493,1-TRAAK-109,PENDING,0:00,boost_usr_pr,1,32,15400M,
29951491,1-TRAAK-106,PENDING,0:00,boost_usr_pr,1,32,15400M,
29951490,1-TRAAK-103,PENDING,0:00,boost_usr_pr,1,32,15400M,
29951489,1-TRAAK-100,PENDING,0:00,boost_usr_pr,1,32,15400M,
29951488,1-TRAAK-97,PENDING,0:00,boost_usr_pr,1,32,15400M,
29951487,1-TRAAK-94,PENDING,0:00,boost_usr_pr,1,32,15400M,
29951486,1-TRAAK-91,PENDING,0:00,boost_usr_pr,1,32,15400M,
29951485,1-TRAAK-88,PENDING,0:00,boost_usr_pr,1,32,15400M,
29951484,1-TRAAK-85,PENDING,0:00,boost_usr_pr,1,32,15400M,
29951483,1-TRAAK-82,PENDING,0:00,boost_usr_pr,1,32,15400M,
29951482,1-TRAAK-79,PENDING,0:00,boost_usr_pr,1,32,15400M,
29951481,1-TRAAK-76,PENDING,0:00,boost_usr_pr,1,32,15400M,
29951479,1-TRAAK-73,PENDING,0:00,boost_usr_pr,1,32,15400M,
29951478,1-TRAAK-70,PENDING,0:00,boost_usr_pr,1,32,15400M,
29951477,1-TRAAK-67,PENDING,0:00,boost_usr_pr,1,32,15400M,
29951476,1-TRAAK-64,PENDING,0:00,boost_usr_pr,1,32,15400M,
29951455,1-TRAAK-61,PENDING,0:00,boost_usr_pr,1,32,15400M,
29951454,1-TRAAK-58,PENDING,0:00,boost_usr_pr,1,32,15400M,
29951453,1-TRAAK-55,PENDING,0:00,boost_usr_pr,1,32,15400M,
29951452,1-TRAAK-52,PENDING,0:00,boost_usr_pr,1,32,15400M,
29951451,1-TRAAK-49,PENDING,0:00,boost_usr_pr,1,32,15400M,
29951450,1-TRAAK-46,PENDING,0:00,boost_usr_pr,1,32,15400M,
29951448,1-TRAAK-43,PENDING,0:00,boost_usr_pr,1,32,15400M,
29951447,1-TRAAK-40,PENDING,0:00,boost_usr_pr,1,32,15400M,
29951446,1-TRAAK-37,PENDING,0:00,boost_usr_pr,1,32,15400M,
29951445,1-TRAAK-34,PENDING,0:00,boost_usr_pr,1,32,15400M,
29951444,1-TRAAK-31,PENDING,0:00,boost_usr_pr,1,32,15400M,
29951443,1-TRAAK-28,PENDING,0:00,boost_usr_pr,1,32,15400M,
29951442,1-TRAAK-25,PENDING,0:00,boost_usr_pr,1,32,15400M,
29951441,1-TRAAK-22,PENDING,0:00,boost_usr_pr,1,32,15400M,
29951440,1-TRAAK-19,PENDING,0:00,boost_usr_pr,1,32,15400M,
29951439,1-TRAAK-16,PENDING,0:00,boost_usr_pr,1,32,15400M,
29951438,1-TRAAK-13,PENDING,0:00,boost_usr_pr,1,32,15400M,
29951437,1-TRAAK-10,PENDING,0:00,boost_usr_pr,1,32,15400M,
29951436,1-TRAAK-7,PENDING,0:00,boost_usr_pr,1,32,15400M,
29951435,1-TRAAK-4,PENDING,0:00,boost_usr_pr,1,32,15400M,
29950875,1-TRAAK-199,PENDING,0:00,boost_usr_pr,1,32,15400M,
29950874,1-TRAAK-196,PENDING,0:00,boost_usr_pr,1,32,15400M,
29950873,1-TRAAK-193,PENDING,0:00,boost_usr_pr,1,32,15400M,
29950872,1-TRAAK-190,PENDING,0:00,boost_usr_pr,1,32,15400M,
29950871,1-TRAAK-187,PENDING,0:00,boost_usr_pr,1,32,15400M,
29950870,1-TRAAK-184,PENDING,0:00,boost_usr_pr,1,32,15400M,
29950869,1-TRAAK-181,PENDING,0:00,boost_usr_pr,1,32,15400M,
29950868,1-TRAAK-178,PENDING,0:00,boost_usr_pr,1,32,15400M,
29950867,1-TRAAK-175,PENDING,0:00,boost_usr_pr,1,32,15400M,
29950866,1-TRAAK-172,PENDING,0:00,boost_usr_pr,1,32,15400M,
29950865,1-TRAAK-169,PENDING,0:00,boost_usr_pr,1,32,15400M,
29950864,1-TRAAK-166,PENDING,0:00,boost_usr_pr,1,32,15400M,
29950863,1-TRAAK-163,PENDING,0:00,boost_usr_pr,1,32,15400M,
29950862,1-TRAAK-160,PENDING,0:00,boost_usr_pr,1,32,15400M,
29950861,1-TRAAK-157,PENDING,0:00,boost_usr_pr,1,32,15400M,
29950860,1-TRAAK-154,PENDING,0:00,boost_usr_pr,1,32,15400M,
29950859,1-TRAAK-151,PENDING,0:00,boost_usr_pr,1,32,15400M,
29950858,1-TRAAK-148,PENDING,0:00,boost_usr_pr,1,32,15400M,
29950857,1-TRAAK-145,PENDING,0:00,boost_usr_pr,1,32,15400M,
29950856,1-TRAAK-142,PENDING,0:00,boost_usr_pr,1,32,15400M,
29950855,1-TRAAK-139,PENDING,0:00,boost_usr_pr,1,32,15400M,
29950854,1-TRAAK-136,PENDING,0:00,boost_usr_pr,1,32,15400M,
29950853,1-TRAAK-133,PENDING,0:00,boost_usr_pr,1,32,15400M,
29950851,1-TRAAK-130,PENDING,0:00,boost_usr_pr,1,32,15400M,
29950849,1-TRAAK-127,PENDING,0:00,boost_usr_pr,1,32,15400M,
29950848,1-TRAAK-124,PENDING,0:00,boost_usr_pr,1,32,15400M,
29950847,1-TRAAK-121,PENDING,0:00,boost_usr_pr,1,32,15400M,
29950846,1-TRAAK-118,PENDING,0:00,boost_usr_pr,1,32,15400M,
29950845,1-TRAAK-115,PENDING,0:00,boost_usr_pr,1,32,15400M,
29950844,1-TRAAK-112,PENDING,0:00,boost_usr_pr,1,32,15400M,
29950843,1-TRAAK-109,PENDING,0:00,boost_usr_pr,1,32,15400M,
29950842,1-TRAAK-106,PENDING,0:00,boost_usr_pr,1,32,15400M,
29950841,1-TRAAK-103,PENDING,0:00,boost_usr_pr,1,32,15400M,
29950840,1-TRAAK-100,PENDING,0:00,boost_usr_pr,1,32,15400M,
29950839,1-TRAAK-97,PENDING,0:00,boost_usr_pr,1,32,15400M,
29950838,1-TRAAK-94,PENDING,0:00,boost_usr_pr,1,32,15400M,
29950837,1-TRAAK-91,PENDING,0:00,boost_usr_pr,1,32,15400M,
29950836,1-TRAAK-88,PENDING,0:00,boost_usr_pr,1,32,15400M,
29950835,1-TRAAK-85,PENDING,0:00,boost_usr_pr,1,32,15400M,
29950834,1-TRAAK-82,PENDING,0:00,boost_usr_pr,1,32,15400M,
29950833,1-TRAAK-79,PENDING,0:00,boost_usr_pr,1,32,15400M,
29950832,1-TRAAK-76,PENDING,0:00,boost_usr_pr,1,32,15400M,
29950831,1-TRAAK-73,PENDING,0:00,boost_usr_pr,1,32,15400M,
29950830,1-TRAAK-70,PENDING,0:00,boost_usr_pr,1,32,15400M,
29950829,1-TRAAK-67,PENDING,0:00,boost_usr_pr,1,32,15400M,
29950828,1-TRAAK-64,PENDING,0:00,boost_usr_pr,1,32,15400M,
29950827,1-TRAAK-61,PENDING,0:00,boost_usr_pr,1,32,15400M,
29950825,1-TRAAK-58,PENDING,0:00,boost_usr_pr,1,32,15400M,
29950824,1-TRAAK-55,PENDING,0:00,boost_usr_pr,1,32,15400M,
29950823,1-TRAAK-52,PENDING,0:00,boost_usr_pr,1,32,15400M,
29950822,1-TRAAK-49,PENDING,0:00,boost_usr_pr,1,32,15400M,
29950821,1-TRAAK-46,PENDING,0:00,boost_usr_pr,1,32,15400M,
29950820,1-TRAAK-43,PENDING,0:00,boost_usr_pr,1,32,15400M,
29950819,1-TRAAK-40,PENDING,0:00,boost_usr_pr,1,32,15400M,
29950818,1-TRAAK-37,PENDING,0:00,boost_usr_pr,1,32,15400M,
29950817,1-TRAAK-34,PENDING,0:00,boost_usr_pr,1,32,15400M,
29950816,1-TRAAK-31,PENDING,0:00,boost_usr_pr,1,32,15400M,
29950815,1-TRAAK-28,PENDING,0:00,boost_usr_pr,1,32,15400M,
29950814,1-TRAAK-25,PENDING,0:00,boost_usr_pr,1,32,15400M,
29950813,1-TRAAK-22,PENDING,0:00,boost_usr_pr,1,32,15400M,
29950812,1-TRAAK-19,PENDING,0:00,boost_usr_pr,1,32,15400M,
29950811,1-TRAAK-16,PENDING,0:00,boost_usr_pr,1,32,15400M,
29950810,1-TRAAK-13,PENDING,0:00,boost_usr_pr,1,32,15400M,
29950809,1-TRAAK-10,PENDING,0:00,boost_usr_pr,1,32,15400M,
29950808,1-TRAAK-7,PENDING,0:00,boost_usr_pr,1,32,15400M,
29874802,1-TRAAK-199,PENDING,0:00,boost_usr_pr,1,32,15400M,
29874801,1-TRAAK-196,PENDING,0:00,boost_usr_pr,1,32,15400M,
29874800,1-TRAAK-193,PENDING,0:00,boost_usr_pr,1,32,15400M,
29874799,1-TRAAK-190,PENDING,0:00,boost_usr_pr,1,32,15400M,
29874798,1-TRAAK-187,PENDING,0:00,boost_usr_pr,1,32,15400M,
29874797,1-TRAAK-184,PENDING,0:00,boost_usr_pr,1,32,15400M,
29874796,1-TRAAK-181,PENDING,0:00,boost_usr_pr,1,32,15400M,
29874795,1-TRAAK-178,PENDING,0:00,boost_usr_pr,1,32,15400M,
29874794,1-TRAAK-175,PENDING,0:00,boost_usr_pr,1,32,15400M,
29874793,1-TRAAK-172,PENDING,0:00,boost_usr_pr,1,32,15400M,
29874792,1-TRAAK-169,PENDING,0:00,boost_usr_pr,1,32,15400M,
29874791,1-TRAAK-166,PENDING,0:00,boost_usr_pr,1,32,15400M,
29874790,1-TRAAK-163,PENDING,0:00,boost_usr_pr,1,32,15400M,
29874789,1-TRAAK-160,PENDING,0:00,boost_usr_pr,1,32,15400M,
29874788,1-TRAAK-157,PENDING,0:00,boost_usr_pr,1,32,15400M,
29874787,1-TRAAK-154,PENDING,0:00,boost_usr_pr,1,32,15400M,
29874786,1-TRAAK-151,PENDING,0:00,boost_usr_pr,1,32,15400M,
29874785,1-TRAAK-148,PENDING,0:00,boost_usr_pr,1,32,15400M,
29874784,1-TRAAK-145,PENDING,0:00,boost_usr_pr,1,32,15400M,
29874783,1-TRAAK-142,PENDING,0:00,boost_usr_pr,1,32,15400M,
29874782,1-TRAAK-139,PENDING,0:00,boost_usr_pr,1,32,15400M,
29874781,1-TRAAK-136,PENDING,0:00,boost_usr_pr,1,32,15400M,
29874780,1-TRAAK-133,PENDING,0:00,boost_usr_pr,1,32,15400M,
29874779,1-TRAAK-130,PENDING,0:00,boost_usr_pr,1,32,15400M,
29874778,1-TRAAK-127,PENDING,0:00,boost_usr_pr,1,32,15400M,
29874776,1-TRAAK-124,PENDING,0:00,boost_usr_pr,1,32,15400M,
29874775,1-TRAAK-121,PENDING,0:00,boost_usr_pr,1,32,15400M,
29874774,1-TRAAK-118,PENDING,0:00,boost_usr_pr,1,32,15400M,
29874773,1-TRAAK-115,PENDING,0:00,boost_usr_pr,1,32,15400M,
29874772,1-TRAAK-112,PENDING,0:00,boost_usr_pr,1,32,15400M,
29874771,1-TRAAK-109,PENDING,0:00,boost_usr_pr,1,32,15400M,
29874770,1-TRAAK-106,PENDING,0:00,boost_usr_pr,1,32,15400M,
29874769,1-TRAAK-103,PENDING,0:00,boost_usr_pr,1,32,15400M,
29874768,1-TRAAK-100,PENDING,0:00,boost_usr_pr,1,32,15400M,
29874767,1-TRAAK-97,PENDING,0:00,boost_usr_pr,1,32,15400M,
29874766,1-TRAAK-94,PENDING,0:00,boost_usr_pr,1,32,15400M,
29874765,1-TRAAK-91,PENDING,0:00,boost_usr_pr,1,32,15400M,
29874764,1-TRAAK-88,PENDING,0:00,boost_usr_pr,1,32,15400M,
29874762,1-TRAAK-85,PENDING,0:00,boost_usr_pr,1,32,15400M,
29874760,1-TRAAK-82,PENDING,0:00,boost_usr_pr,1,32,15400M,
29874759,1-TRAAK-79,PENDING,0:00,boost_usr_pr,1,32,15400M,
29874758,1-TRAAK-76,PENDING,0:00,boost_usr_pr,1,32,15400M,
29874757,1-TRAAK-73,PENDING,0:00,boost_usr_pr,1,32,15400M,
29874756,1-TRAAK-70,PENDING,0:00,boost_usr_pr,1,32,15400M,
29874755,1-TRAAK-67,PENDING,0:00,boost_usr_pr,1,32,15400M,
29874754,1-TRAAK-64,PENDING,0:00,boost_usr_pr,1,32,15400M,
29874753,1-TRAAK-61,PENDING,0:00,boost_usr_pr,1,32,15400M,
29874752,1-TRAAK-58,PENDING,0:00,boost_usr_pr,1,32,15400M,
29874751,1-TRAAK-55,PENDING,0:00,boost_usr_pr,1,32,15400M,
29874750,1-TRAAK-52,PENDING,0:00,boost_usr_pr,1,32,15400M,
29874749,1-TRAAK-49,PENDING,0:00,boost_usr_pr,1,32,15400M,
29874748,1-TRAAK-46,PENDING,0:00,boost_usr_pr,1,32,15400M,
29874747,1-TRAAK-43,PENDING,0:00,boost_usr_pr,1,32,15400M,
29874746,1-TRAAK-40,PENDING,0:00,boost_usr_pr,1,32,15400M,
29874745,1-TRAAK-37,PENDING,0:00,boost_usr_pr,1,32,15400M,
29874744,1-TRAAK-34,PENDING,0:00,boost_usr_pr,1,32,15400M,
29874743,1-TRAAK-31,PENDING,0:00,boost_usr_pr,1,32,15400M,
29874742,1-TRAAK-28,PENDING,0:00,boost_usr_pr,1,32,15400M,
29874741,1-TRAAK-25,PENDING,0:00,boost_usr_pr,1,32,15400M,
29874740,1-TRAAK-22,PENDING,0:00,boost_usr_pr,1,32,15400M,
29874739,1-TRAAK-19,PENDING,0:00,boost_usr_pr,1,32,15400M,
29874738,1-TRAAK-16,PENDING,0:00,boost_usr_pr,1,32,15400M,
29874737,1-TRAAK-13,PENDING,0:00,boost_usr_pr,1,32,15400M,
29874736,1-TRAAK-10,PENDING,0:00,boost_usr_pr,1,32,15400M,
29874735,1-TRAAK-7,PENDING,0:00,boost_usr_pr,1,32,15400M,
29305330,UCL3-96,PENDING,0:00,boost_usr_pr,1,32,15400M,
29305328,UCL3-91,PENDING,0:00,boost_usr_pr,1,32,15400M,
29305327,UCL3-86,PENDING,0:00,boost_usr_pr,1,32,15400M,
29305325,UCL3-81,PENDING,0:00,boost_usr_pr,1,32,15400M,
29305324,UCL3-76,PENDING,0:00,boost_usr_pr,1,32,15400M,
29305323,UCL3-71,PENDING,0:00,boost_usr_pr,1,32,15400M,
29305321,UCL3-66,PENDING,0:00,boost_usr_pr,1,32,15400M,
29305320,UCL3-61,PENDING,0:00,boost_usr_pr,1,32,15400M,
29305319,UCL3-56,PENDING,0:00,boost_usr_pr,1,32,15400M,
29305318,UCL3-51,PENDING,0:00,boost_usr_pr,1,32,15400M,
29305297,UCL3-96,PENDING,0:00,boost_usr_pr,1,32,15400M,
29305296,UCL3-91,PENDING,0:00,boost_usr_pr,1,32,15400M,
29305295,UCL3-86,PENDING,0:00,boost_usr_pr,1,32,15400M,
29305293,UCL3-81,PENDING,0:00,boost_usr_pr,1,32,15400M,
29305292,UCL3-76,PENDING,0:00,boost_usr_pr,1,32,15400M,
29305291,UCL3-71,PENDING,0:00,boost_usr_pr,1,32,15400M,
29305290,UCL3-66,PENDING,0:00,boost_usr_pr,1,32,15400M,
29305288,UCL3-61,PENDING,0:00,boost_usr_pr,1,32,15400M,
29305267,UCL3-56,PENDING,0:00,boost_usr_pr,1,32,15400M,
29305265,UCL3-51,PENDING,0:00,boost_usr_pr,1,32,15400M,
29305247,UCL3-96,PENDING,0:00,boost_usr_pr,1,32,15400M,
29305246,UCL3-91,PENDING,0:00,boost_usr_pr,1,32,15400M,
29305245,UCL3-86,PENDING,0:00,boost_usr_pr,1,32,15400M,
29305244,UCL3-81,PENDING,0:00,boost_usr_pr,1,32,15400M,
29305243,UCL3-76,PENDING,0:00,boost_usr_pr,1,32,15400M,
29305242,UCL3-71,PENDING,0:00,boost_usr_pr,1,32,15400M,
29305241,UCL3-66,PENDING,0:00,boost_usr_pr,1,32,15400M,
29305240,UCL3-61,PENDING,0:00,boost_usr_pr,1,32,15400M,
29305239,UCL3-56,PENDING,0:00,boost_usr_pr,1,32,15400M,
29305238,UCL3-51,PENDING,0:00,boost_usr_pr,1,32,15400M,
29244184_[,run_gptoss20b.s,PENDING,0:00,boost_usr_pr,1,8,120G,
29956748,-10_1_45r,PENDING,0:00,boost_usr_pr,1,2,200000M,
29956747,-10_1_45r,PENDING,0:00,boost_usr_pr,1,2,200000M,
29956746,-10_1_45r,PENDING,0:00,boost_usr_pr,1,2,200000M,
29956721,-10_1_45r,PENDING,0:00,boost_usr_pr,1,2,200000M,
29956720,-10_1_45r,PENDING,0:00,boost_usr_pr,1,2,200000M,
29956719,-10_1_45r,PENDING,0:00,boost_usr_pr,1,2,200000M,
29956717,-10_1_45r,PENDING,0:00,boost_usr_pr,1,2,200000M,
29956716,-10_1_45r,PENDING,0:00,boost_usr_pr,1,2,200000M,
29956715,-10_1_45r,PENDING,0:00,boost_usr_pr,1,2,200000M,
29956697,-15_1_45r,PENDING,0:00,boost_usr_pr,1,2,200000M,
29956695,-15_1_45r,PENDING,0:00,boost_usr_pr,1,2,200000M,
29956694,-15_1_45r,PENDING,0:00,boost_usr_pr,1,2,200000M,
29947157,-15_1_45r,PENDING,0:00,boost_usr_pr,1,2,200000M,
29947156,-15_1_45r,PENDING,0:00,boost_usr_pr,1,2,200000M,
29947155,-15_1_45r,PENDING,0:00,boost_usr_pr,1,2,200000M,
29948800,3SZ-insertion,PENDING,0:00,boost_usr_pr,1,32,15400M,
29948799,3SZ-insertion,PENDING,0:00,boost_usr_pr,1,32,15400M,
29948798,3SZ-insertion,PENDING,0:00,boost_usr_pr,1,32,15400M,
29948797,3SZ-insertion,PENDING,0:00,boost_usr_pr,1,32,15400M,
29948775,3SZ-insertion,PENDING,0:00,boost_usr_pr,1,32,15400M,
29948774,3SZ-insertion,PENDING,0:00,boost_usr_pr,1,32,15400M,
29948773,3SZ-insertion,PENDING,0:00,boost_usr_pr,1,32,15400M,
29948772,3SZ-insertion,PENDING,0:00,boost_usr_pr,1,32,15400M,
29948770,3SZ-insertion,PENDING,0:00,boost_usr_pr,1,32,15400M,
29948769,3SZ-insertion,PENDING,0:00,boost_usr_pr,1,32,15400M,
29948768,3SZ-insertion,PENDING,0:00,boost_usr_pr,1,32,15400M,
29948767,3SZ-insertion,PENDING,0:00,boost_usr_pr,1,32,15400M,
29948766,3SZ-insertion,PENDING,0:00,boost_usr_pr,1,32,15400M,
29948765,3SZ-insertion,PENDING,0:00,boost_usr_pr,1,32,15400M,
29948764,3SZ-insertion,PENDING,0:00,boost_usr_pr,1,32,15400M,
29948763,3SZ-insertion,PENDING,0:00,boost_usr_pr,1,32,15400M,
29948762,3SZ-insertion,PENDING,0:00,boost_usr_pr,1,32,15400M,
29948761,3SZ-insertion,PENDING,0:00,boost_usr_pr,1,32,15400M,
29948760,3SZ-insertion,PENDING,0:00,boost_usr_pr,1,32,15400M,
29948759,3SZ-insertion,PENDING,0:00,boost_usr_pr,1,32,15400M,
29948758,3SZ-insertion,PENDING,0:00,boost_usr_pr,1,32,15400M,
29948757,3SZ-insertion,PENDING,0:00,boost_usr_pr,1,32,15400M,
29948756,3SZ-insertion,PENDING,0:00,boost_usr_pr,1,32,15400M,
29948755,3SZ-insertion,PENDING,0:00,boost_usr_pr,1,32,15400M,
29948754,3SZ-insertion,PENDING,0:00,boost_usr_pr,1,32,15400M,
29948753,3SZ-insertion,PENDING,0:00,boost_usr_pr,1,32,15400M,
29948751,3SZ-insertion,PENDING,0:00,boost_usr_pr,1,32,15400M,
29948750,3SZ-insertion,PENDING,0:00,boost_usr_pr,1,32,15400M,
29948749,3SZ-insertion,PENDING,0:00,boost_usr_pr,1,32,15400M,
29948748,3SZ-insertion,PENDING,0:00,boost_usr_pr,1,32,15400M,
29948747,3SZ-insertion,PENDING,0:00,boost_usr_pr,1,32,15400M,
29948746,3SZ-insertion,PENDING,0:00,boost_usr_pr,1,32,15400M,
29948745,3SZ-insertion,PENDING,0:00,boost_usr_pr,1,32,15400M,
29948744,3SZ-insertion,PENDING,0:00,boost_usr_pr,1,32,15400M,
29948743,3SZ-insertion,PENDING,0:00,boost_usr_pr,1,32,15400M,
29948742,3SZ-insertion,PENDING,0:00,boost_usr_pr,1,32,15400M,
29948741,3SZ-insertion,PENDING,0:00,boost_usr_pr,1,32,15400M,
29948740,3SZ-insertion,PENDING,0:00,boost_usr_pr,1,32,15400M,
29948713,2SZ-insertion,PENDING,0:00,boost_usr_pr,1,32,15400M,
29948712,2SZ-insertion,PENDING,0:00,boost_usr_pr,1,32,15400M,
29948710,2SZ-insertion,PENDING,0:00,boost_usr_pr,1,32,15400M,
29948709,2SZ-insertion,PENDING,0:00,boost_usr_pr,1,32,15400M,
29948708,2SZ-insertion,PENDING,0:00,boost_usr_pr,1,32,15400M,
29948707,2SZ-insertion,PENDING,0:00,boost_usr_pr,1,32,15400M,
29948706,2SZ-insertion,PENDING,0:00,boost_usr_pr,1,32,15400M,
29948705,2SZ-insertion,PENDING,0:00,boost_usr_pr,1,32,15400M,
29948704,2SZ-insertion,PENDING,0:00,boost_usr_pr,1,32,15400M,
29948703,2SZ-insertion,PENDING,0:00,boost_usr_pr,1,32,15400M,
29948701,2SZ-insertion,PENDING,0:00,boost_usr_pr,1,32,15400M,
29948700,2SZ-insertion,PENDING,0:00,boost_usr_pr,1,32,15400M,
29948699,2SZ-insertion,PENDING,0:00,boost_usr_pr,1,32,15400M,
29948698,2SZ-insertion,PENDING,0:00,boost_usr_pr,1,32,15400M,
29948697,2SZ-insertion,PENDING,0:00,boost_usr_pr,1,32,15400M,
29948696,2SZ-insertion,PENDING,0:00,boost_usr_pr,1,32,15400M,
29948695,2SZ-insertion,PENDING,0:00,boost_usr_pr,1,32,15400M,
29948694,2SZ-insertion,PENDING,0:00,boost_usr_pr,1,32,15400M,
29948692,2SZ-insertion,PENDING,0:00,boost_usr_pr,1,32,15400M,
29948691,2SZ-insertion,PENDING,0:00,boost_usr_pr,1,32,15400M,
29948690,2SZ-insertion,PENDING,0:00,boost_usr_pr,1,32,15400M,
29948689,2SZ-insertion,PENDING,0:00,boost_usr_pr,1,32,15400M,
29948688,2SZ-insertion,PENDING,0:00,boost_usr_pr,1,32,15400M,
29948687,2SZ-insertion,PENDING,0:00,boost_usr_pr,1,32,15400M,
29948686,2SZ-insertion,PENDING,0:00,boost_usr_pr,1,32,15400M,
29948685,2SZ-insertion,PENDING,0:00,boost_usr_pr,1,32,15400M,
29948683,2SZ-insertion,PENDING,0:00,boost_usr_pr,1,32,15400M,
29948682,2SZ-insertion,PENDING,0:00,boost_usr_pr,1,32,15400M,
29948681,2SZ-insertion,PENDING,0:00,boost_usr_pr,1,32,15400M,
29948680,2SZ-insertion,PENDING,0:00,boost_usr_pr,1,32,15400M,
29948679,2SZ-insertion,PENDING,0:00,boost_usr_pr,1,32,15400M,
29948678,2SZ-insertion,PENDING,0:00,boost_usr_pr,1,32,15400M,
29948677,2SZ-insertion,PENDING,0:00,boost_usr_pr,1,32,15400M,
29948675,2SZ-insertion,PENDING,0:00,boost_usr_pr,1,32,15400M,
29948674,2SZ-insertion,PENDING,0:00,boost_usr_pr,1,32,15400M,
29948672,2SZ-insertion,PENDING,0:00,boost_usr_pr,1,32,15400M,
29948671,2SZ-insertion,PENDING,0:00,boost_usr_pr,1,32,15400M,
29948562,SZ-insertion,PENDING,0:00,boost_usr_pr,1,32,15400M,
29948561,SZ-insertion,PENDING,0:00,boost_usr_pr,1,32,15400M,
29948560,SZ-insertion,PENDING,0:00,boost_usr_pr,1,32,15400M,
29948559,SZ-insertion,PENDING,0:00,boost_usr_pr,1,32,15400M,
29948558,SZ-insertion,PENDING,0:00,boost_usr_pr,1,32,15400M,
29948557,SZ-insertion,PENDING,0:00,boost_usr_pr,1,32,15400M,
29948556,SZ-insertion,PENDING,0:00,boost_usr_pr,1,32,15400M,
29948555,SZ-insertion,PENDING,0:00,boost_usr_pr,1,32,15400M,
29948553,SZ-insertion,PENDING,0:00,boost_usr_pr,1,32,15400M,
29948552,SZ-insertion,PENDING,0:00,boost_usr_pr,1,32,15400M,
29948551,SZ-insertion,PENDING,0:00,boost_usr_pr,1,32,15400M,
29948550,SZ-insertion,PENDING,0:00,boost_usr_pr,1,32,15400M,
29948549,SZ-insertion,PENDING,0:00,boost_usr_pr,1,32,15400M,
29948548,SZ-insertion,PENDING,0:00,boost_usr_pr,1,32,15400M,
29948547,SZ-insertion,PENDING,0:00,boost_usr_pr,1,32,15400M,
29948546,SZ-insertion,PENDING,0:00,boost_usr_pr,1,32,15400M,
29948544,SZ-insertion,PENDING,0:00,boost_usr_pr,1,32,15400M,
29948543,SZ-insertion,PENDING,0:00,boost_usr_pr,1,32,15400M,
29948541,SZ-insertion,PENDING,0:00,boost_usr_pr,1,32,15400M,
29948540,SZ-insertion,PENDING,0:00,boost_usr_pr,1,32,15400M,
29948538,SZ-insertion,PENDING,0:00,boost_usr_pr,1,32,15400M,
29948537,SZ-insertion,PENDING,0:00,boost_usr_pr,1,32,15400M,
29948536,SZ-insertion,PENDING,0:00,boost_usr_pr,1,32,15400M,
29948535,SZ-insertion,PENDING,0:00,boost_usr_pr,1,32,15400M,
29948534,SZ-insertion,PENDING,0:00,boost_usr_pr,1,32,15400M,
29948532,SZ-insertion,PENDING,0:00,boost_usr_pr,1,32,15400M,
29948531,SZ-insertion,PENDING,0:00,boost_usr_pr,1,32,15400M,
29948530,SZ-insertion,PENDING,0:00,boost_usr_pr,1,32,15400M,
29948529,SZ-insertion,PENDING,0:00,boost_usr_pr,1,32,15400M,
29948528,SZ-insertion,PENDING,0:00,boost_usr_pr,1,32,15400M,
29948525,SZ-insertion,PENDING,0:00,boost_usr_pr,1,32,15400M,
29948523,SZ-insertion,PENDING,0:00,boost_usr_pr,1,32,15400M,
29948522,SZ-insertion,PENDING,0:00,boost_usr_pr,1,32,15400M,
29948520,SZ-insertion,PENDING,0:00,boost_usr_pr,1,32,15400M,
29948478,3membrane,PENDING,0:00,boost_usr_pr,1,32,15400M,
29948477,3membrane,PENDING,0:00,boost_usr_pr,1,32,15400M,
29948475,3membrane,PENDING,0:00,boost_usr_pr,1,32,15400M,
29948474,3membrane,PENDING,0:00,boost_usr_pr,1,32,15400M,
29948473,3membrane,PENDING,0:00,boost_usr_pr,1,32,15400M,
29948472,3membrane,PENDING,0:00,boost_usr_pr,1,32,15400M,
29948471,3membrane,PENDING,0:00,boost_usr_pr,1,32,15400M,
29948470,3membrane,PENDING,0:00,boost_usr_pr,1,32,15400M,
29948469,3membrane,PENDING,0:00,boost_usr_pr,1,32,15400M,
29948468,3membrane,PENDING,0:00,boost_usr_pr,1,32,15400M,
29948467,3membrane,PENDING,0:00,boost_usr_pr,1,32,15400M,
29948466,3membrane,PENDING,0:00,boost_usr_pr,1,32,15400M,
29948465,3membrane,PENDING,0:00,boost_usr_pr,1,32,15400M,
29948462,3membrane,PENDING,0:00,boost_usr_pr,1,32,15400M,
29948458,3membrane,PENDING,0:00,boost_usr_pr,1,32,15400M,
29948457,3membrane,PENDING,0:00,boost_usr_pr,1,32,15400M,
29948454,3membrane,PENDING,0:00,boost_usr_pr,1,32,15400M,
29948452,3membrane,PENDING,0:00,boost_usr_pr,1,32,15400M,
29948451,3membrane,PENDING,0:00,boost_usr_pr,1,32,15400M,
29948425,2membrane,PENDING,0:00,boost_usr_pr,1,32,15400M,
29948424,2membrane,PENDING,0:00,boost_usr_pr,1,32,15400M,
29948423,2membrane,PENDING,0:00,boost_usr_pr,1,32,15400M,
29948402,2membrane,PENDING,0:00,boost_usr_pr,1,32,15400M,
29948401,2membrane,PENDING,0:00,boost_usr_pr,1,32,15400M,
29948400,2membrane,PENDING,0:00,boost_usr_pr,1,32,15400M,
29948399,2membrane,PENDING,0:00,boost_usr_pr,1,32,15400M,
29948398,2membrane,PENDING,0:00,boost_usr_pr,1,32,15400M,
29948397,2membrane,PENDING,0:00,boost_usr_pr,1,32,15400M,
29948396,2membrane,PENDING,0:00,boost_usr_pr,1,32,15400M,
29948395,2membrane,PENDING,0:00,boost_usr_pr,1,32,15400M,
29948394,2membrane,PENDING,0:00,boost_usr_pr,1,32,15400M,
29948392,2membrane,PENDING,0:00,boost_usr_pr,1,32,15400M,
29948391,2membrane,PENDING,0:00,boost_usr_pr,1,32,15400M,
29948390,2membrane,PENDING,0:00,boost_usr_pr,1,32,15400M,
29948389,2membrane,PENDING,0:00,boost_usr_pr,1,32,15400M,
29948388,2membrane,PENDING,0:00,boost_usr_pr,1,32,15400M,
29948317,traak,PENDING,0:00,boost_usr_pr,1,32,15400M,
29948316,traak,PENDING,0:00,boost_usr_pr,1,32,15400M,
29948315,traak,PENDING,0:00,boost_usr_pr,1,32,15400M,
29948314,traak,PENDING,0:00,boost_usr_pr,1,32,15400M,
29948313,traak,PENDING,0:00,boost_usr_pr,1,32,15400M,
29948312,traak,PENDING,0:00,boost_usr_pr,1,32,15400M,
29948310,traak,PENDING,0:00,boost_usr_pr,1,32,15400M,
29948308,traak,PENDING,0:00,boost_usr_pr,1,32,15400M,
29948307,traak,PENDING,0:00,boost_usr_pr,1,32,15400M,
29948306,traak,PENDING,0:00,boost_usr_pr,1,32,15400M,
29948305,traak,PENDING,0:00,boost_usr_pr,1,32,15400M,
29948304,traak,PENDING,0:00,boost_usr_pr,1,32,15400M,
29948300,traak,PENDING,0:00,boost_usr_pr,1,32,15400M,
29948299,traak,PENDING,0:00,boost_usr_pr,1,32,15400M,
29948298,traak,PENDING,0:00,boost_usr_pr,1,32,15400M,
29948297,traak,PENDING,0:00,boost_usr_pr,1,32,15400M,
29948296,traak,PENDING,0:00,boost_usr_pr,1,32,15400M,
29948295,traak,PENDING,0:00,boost_usr_pr,1,32,15400M,
29948294,traak,PENDING,0:00,boost_usr_pr,1,32,15400M,
29948292,traak,PENDING,0:00,boost_usr_pr,1,32,15400M,
29948291,traak,PENDING,0:00,boost_usr_pr,1,32,15400M,
29948290,traak,PENDING,0:00,boost_usr_pr,1,32,15400M,
29948289,traak,PENDING,0:00,boost_usr_pr,1,32,15400M,
29939606,prod10,PENDING,0:00,boost_usr_pr,1,8,15400M,
29939605,prod9,PENDING,0:00,boost_usr_pr,1,8,15400M,
29939603,prod8,PENDING,0:00,boost_usr_pr,1,8,15400M,
29939601,prod7,PENDING,0:00,boost_usr_pr,1,8,15400M,
29939600,prod6,PENDING,0:00,boost_usr_pr,1,8,15400M,
29939579,prod5,PENDING,0:00,boost_usr_pr,1,8,15400M,
29939577,prod4,PENDING,0:00,boost_usr_pr,1,8,15400M,
29939576,prod3,PENDING,0:00,boost_usr_pr,1,8,15400M,
29881556,prod6,PENDING,0:00,boost_usr_pr,1,16,15400M,
29881555,prod5,PENDING,0:00,boost_usr_pr,1,16,15400M,
29881085,prod6,PENDING,0:00,boost_usr_pr,1,16,15400M,
29881033,prod6,PENDING,0:00,boost_usr_pr,1,16,15400M,
29881032,prod5,PENDING,0:00,boost_usr_pr,1,16,15400M,
29592512,AQP-PE,PENDING,0:00,boost_usr_pr,1,8,15400M,
29592266,AQP-MIX,PENDING,0:00,boost_usr_pr,1,8,15400M,
29872830,my_batch_job,PENDING,0:00,boost_usr_pr,1,16,15400M,
29872828,my_batch_job,PENDING,0:00,boost_usr_pr,1,16,15400M,
29925691,TB2.5,PENDING,0:00,boost_usr_pr,32,1024,15400M,
29925690,TB2.5,PENDING,0:00,boost_usr_pr,32,1024,15400M,
29925673,TB2.5,PENDING,0:00,boost_usr_pr,32,1024,15400M,
29925672,TB2.5,PENDING,0:00,boost_usr_pr,32,1024,15400M,
28037422_[,new_LCP_L32,PENDING,0:00,boost_usr_pr,1,16,250G,
28868945_[,new_LCP_L32,PENDING,0:00,boost_usr_pr,1,16,250G,
27408604_[,TESTAZZO_run4,PENDING,0:00,boost_usr_pr,1,16,250G,
27408597_[,TESTAZZO_run2,PENDING,0:00,boost_usr_pr,1,16,250G,
28243205_[,new_LCP_L32,PENDING,0:00,boost_usr_pr,1,16,250G,
29953490,samba-3b-train-,PENDING,0:00,boost_usr_pr,32,512,15400M,
29953462,samba-3b-train-,PENDING,0:00,boost_usr_pr,32,512,15400M,
29953448,samba-3b-train-,PENDING,0:00,boost_usr_pr,32,512,15400M,
29918403,samba-3b-train-,PENDING,0:00,boost_usr_pr,32,512,15400M,
29918336,samba-3b-train-,PENDING,0:00,boost_usr_pr,32,512,15400M,
29939149,x10_scan,PENDING,0:00,boost_usr_pr,4,64,200G,
29939148,x8_scan,PENDING,0:00,boost_usr_pr,4,64,200G,
29939178,x4_scan,PENDING,0:00,boost_usr_pr,4,64,200G,
29939177,x3_scan,PENDING,0:00,boost_usr_pr,4,64,200G,
29939176,x2_scan,PENDING,0:00,boost_usr_pr,4,64,200G,
29939175,x1_scan,PENDING,0:00,boost_usr_pr,4,64,200G,
29939174,x0_scan,PENDING,0:00,boost_usr_pr,4,64,200G,
29972056,ERA5-N320,PENDING,0:00,boost_usr_pr,64,1024,0,
29922069,de330_r2,PENDING,0:00,boost_usr_pr,32,512,0,
29972944,jobscript-bench,PENDING,0:00,boost_usr_pr,16,512,0,
29995378,b880-3,PENDING,0:00,boost_usr_pr,4,16,0,
27408594_[,TESTAZZO_run1,PENDING,0:00,boost_usr_pr,1,16,250G,
29995368_[,l16t8,PENDING,0:00,boost_usr_pr,1,4,62.50G,
29995367_[,l16t8,PENDING,0:00,boost_usr_pr,1,4,62.50G,
29995366_[,l16t8,PENDING,0:00,boost_usr_pr,1,4,62.50G,
29995365_[,l16t8,PENDING,0:00,boost_usr_pr,1,4,62.50G,
29995354_[,l16t8,PENDING,0:00,boost_usr_pr,1,4,62.50G,
29995312_[,l16t8,PENDING,0:00,boost_usr_pr,1,4,62.50G,
29995311_[,l16t8,PENDING,0:00,boost_usr_pr,1,4,62.50G,
29995186_[,l16t8,PENDING,0:00,boost_usr_pr,1,4,62.50G,
29995132_[,l16t8,PENDING,0:00,boost_usr_pr,1,4,62.50G,
29995030_[,l16t8,PENDING,0:00,boost_usr_pr,1,4,62.50G,
29994679_[,l16t8,PENDING,0:00,boost_usr_pr,1,4,62.50G,
29937777,md9_310k,PENDING,0:00,boost_usr_pr,1,16,15400M,
29937762,md8_310k,PENDING,0:00,boost_usr_pr,1,16,15400M,
29937758,md7_310k,PENDING,0:00,boost_usr_pr,1,16,15400M,
29937734,md6_310k,PENDING,0:00,boost_usr_pr,1,16,15400M,
29937501,md9_288k,PENDING,0:00,boost_usr_pr,1,16,15400M,
29937479,md8_288k,PENDING,0:00,boost_usr_pr,1,16,15400M,
29937476,md7_288k,PENDING,0:00,boost_usr_pr,1,16,15400M,
29878255,md9,PENDING,0:00,boost_usr_pr,1,16,15400M,
29878206,md9,PENDING,0:00,boost_usr_pr,1,16,15400M,
29994454,ax_2n,PENDING,0:00,boost_usr_pr,8,256,15400M,
29873019_[,eknse8k25,PENDING,0:00,boost_usr_pr,1,1,16000M,
29873018_[,eknse8k25,PENDING,0:00,boost_usr_pr,1,1,16000M,
29873017_[,eknse8k25,PENDING,0:00,boost_usr_pr,1,1,16000M,
29873021_[,eknse8k25,PENDING,0:00,boost_usr_pr,1,1,16000M,
29873024_[,eknse8k25,PENDING,0:00,boost_usr_pr,1,1,16000M,
29873023_[,eknse8k25,PENDING,0:00,boost_usr_pr,1,1,16000M,
29873022_[,eknse8k25,PENDING,0:00,boost_usr_pr,1,1,16000M,
29873025_[,eknse8k30,PENDING,0:00,boost_usr_pr,1,1,16000M,
29873031_[,eknse8k30,PENDING,0:00,boost_usr_pr,1,1,16000M,
29873028_[,eknse8k30,PENDING,0:00,boost_usr_pr,1,1,16000M,
29873026_[,eknse8k30,PENDING,0:00,boost_usr_pr,1,1,16000M,
29873027_[,eknse8k30,PENDING,0:00,boost_usr_pr,1,1,16000M,
29873030_[,eknse8k30,PENDING,0:00,boost_usr_pr,1,1,16000M,
29873034_[,eknse8k40,PENDING,0:00,boost_usr_pr,1,1,16000M,
29873029_[,eknse8k30,PENDING,0:00,boost_usr_pr,1,1,16000M,
29873037_[,eknse8k40,PENDING,0:00,boost_usr_pr,1,1,16000M,
29873041_[,eknse8k40,PENDING,0:00,boost_usr_pr,1,1,16000M,
29873040_[,eknse8k40,PENDING,0:00,boost_usr_pr,1,1,16000M,
29873039_[,eknse8k40,PENDING,0:00,boost_usr_pr,1,1,16000M,
29873038_[,eknse8k40,PENDING,0:00,boost_usr_pr,1,1,16000M,
29873032_[,eknse8k30,PENDING,0:00,boost_usr_pr,1,1,16000M,
29873033_[,eknse8k40,PENDING,0:00,boost_usr_pr,1,1,16000M,
29974917,run_SPA_10MeV_t,PENDING,0:00,boost_usr_pr,2,64,494000M,
29974168,run_SPA_50MeV_t,PENDING,0:00,boost_usr_pr,2,64,494000M,
29944066,ym4d,PENDING,0:00,boost_usr_pr,1,1,0,
29944064,ym4d,PENDING,0:00,boost_usr_pr,1,1,0,
29944042,ym4d,PENDING,0:00,boost_usr_pr,1,1,0,
29944041,ym4d,PENDING,0:00,boost_usr_pr,1,1,0,
29944040,ym4d,PENDING,0:00,boost_usr_pr,1,1,0,
29944036,ym4d,PENDING,0:00,boost_usr_pr,1,1,0,
29944035,ym4d,PENDING,0:00,boost_usr_pr,1,1,0,
29944034,ym4d,PENDING,0:00,boost_usr_pr,1,1,0,
29944033,ym4d,PENDING,0:00,boost_usr_pr,1,1,0,
29944032,ym4d,PENDING,0:00,boost_usr_pr,1,1,0,
29944030,ym4d,PENDING,0:00,boost_usr_pr,1,1,0,
29944029,ym4d,PENDING,0:00,boost_usr_pr,1,1,0,
29944027,ym4d,PENDING,0:00,boost_usr_pr,1,1,0,
29944026,ym4d,PENDING,0:00,boost_usr_pr,1,1,0,
29944025,ym4d,PENDING,0:00,boost_usr_pr,1,1,0,
29944023,ym4d,PENDING,0:00,boost_usr_pr,1,1,0,
29944022,ym4d,PENDING,0:00,boost_usr_pr,1,1,0,
29944021,ym4d,PENDING,0:00,boost_usr_pr,1,1,0,
29944020,ym4d,PENDING,0:00,boost_usr_pr,1,1,0,
29944019,ym4d,PENDING,0:00,boost_usr_pr,1,1,0,
29874850,ym4d,PENDING,0:00,boost_usr_pr,1,1,0,
29874843,ym4d,PENDING,0:00,boost_usr_pr,1,1,0,
29874835,ym4d,PENDING,0:00,boost_usr_pr,1,1,0,
29874834,ym4d,PENDING,0:00,boost_usr_pr,1,1,0,
29874827,ym4d,PENDING,0:00,boost_usr_pr,1,1,0,
29874826,ym4d,PENDING,0:00,boost_usr_pr,1,1,0,
29874821,ym4d,PENDING,0:00,boost_usr_pr,1,1,0,
29874820,ym4d,PENDING,0:00,boost_usr_pr,1,1,0,
29874811,ym4d,PENDING,0:00,boost_usr_pr,1,1,0,
29874810,ym4d,PENDING,0:00,boost_usr_pr,1,1,0,
29574181,ym4d,PENDING,0:00,boost_usr_pr,1,1,0,
29574174,ym4d,PENDING,0:00,boost_usr_pr,1,1,0,
29574168,ym4d,PENDING,0:00,boost_usr_pr,1,1,0,
29574162,ym4d,PENDING,0:00,boost_usr_pr,1,1,0,
29574161,ym4d,PENDING,0:00,boost_usr_pr,1,1,0,
29574055,ym4d,PENDING,0:00,boost_usr_pr,1,1,0,
29574047,ym4d,PENDING,0:00,boost_usr_pr,1,1,0,
29574045,ym4d,PENDING,0:00,boost_usr_pr,1,1,0,
29878631_[,leo_crit04_l26t,PENDING,0:00,boost_usr_pr,1,4,15400M,
29878632_[,leo_crit04_l26t,PENDING,0:00,boost_usr_pr,1,4,15400M,
29878633_[,leo_crit04_l26t,PENDING,0:00,boost_usr_pr,1,4,15400M,
29878634_[,leo_crit04_l26t,PENDING,0:00,boost_usr_pr,1,4,15400M,
29878635_[,leo_crit04_l26t,PENDING,0:00,boost_usr_pr,1,4,15400M,
29890722,zOxs9,PENDING,0:00,boost_usr_pr,6,192,400000M,
29890721,zOxs8,PENDING,0:00,boost_usr_pr,6,192,400000M,
29113155,zOxs20,PENDING,0:00,boost_usr_pr,6,192,400000M,
29113154,zOxs19,PENDING,0:00,boost_usr_pr,6,192,400000M,
29113153,zOxs18,PENDING,0:00,boost_usr_pr,6,192,400000M,
29113152,zOxs17,PENDING,0:00,boost_usr_pr,6,192,400000M,
29113151,zOxs16,PENDING,0:00,boost_usr_pr,6,192,400000M,
29113150,zOxs15,PENDING,0:00,boost_usr_pr,6,192,400000M,
29113149,zOxs14,PENDING,0:00,boost_usr_pr,6,192,400000M,
29113148,zOxs13,PENDING,0:00,boost_usr_pr,6,192,400000M,
29890754,ZL2_16,PENDING,0:00,boost_usr_pr,4,128,400000M,
29890753,ZL2_15,PENDING,0:00,boost_usr_pr,4,128,400000M,
29890752,ZL2_14,PENDING,0:00,boost_usr_pr,4,128,400000M,
29890751,ZL2_13,PENDING,0:00,boost_usr_pr,4,128,400000M,
29890750,ZL2_12,PENDING,0:00,boost_usr_pr,4,128,400000M,
29890749,ZL2_11,PENDING,0:00,boost_usr_pr,4,128,400000M,
29890748,ZL2_10,PENDING,0:00,boost_usr_pr,4,128,400000M,
29890747,ZL2_9,PENDING,0:00,boost_usr_pr,4,128,400000M,
29890746,ZL2_8,PENDING,0:00,boost_usr_pr,4,128,400000M,
24584866,WMeta,PENDING,0:00,boost_usr_pr,1,8,15400M,
24553842,WMeta,PENDING,0:00,boost_usr_pr,1,8,15400M,
29877252,011_p_22,RUNNING,1-21:14:28,boost_usr_pr,32,1024,15400M,"lrdn[0064,0102,0118,0146,0172,0180,0211,0302,0450,0627,0948,0984,0996,1049,1105,1149,1346,1367,1564,1570,1599,1625,1678,1730,1736,1773,1830,2113,2299,2483,3175,3365]"
29990258,opd_domyn_small,RUNNING,1:44:18,boost_usr_pr,8,256,0,"lrdn[0010,0024,0045,0066,0078,0088,0103,0111]"
29958805,domyn-s-RL_tool,RUNNING,14:49:57,boost_usr_pr,16,512,450G,"lrdn[0730,2101,2131,2141,2205,2228,2387,2480,2631,2681,2693,2712,2723,2769,2775,2813]"
29958803,domyn-s-RL_tool,RUNNING,14:50:05,boost_usr_pr,16,512,450G,"lrdn[0037,0144,0187,0365,0448,0641,1000,1165,1242,1281,1339,1380,1441,1466,2014,2072]"
29954540_1,qwen3-30b-01kd6,RUNNING,16:03:22,boost_usr_pr,2,64,0,"lrdn[2247,2375]"
29954540_0,qwen3-30b-01kd6,RUNNING,16:04:45,boost_usr_pr,2,64,0,"lrdn[0290,2507]"
29954543,qwen3-30b-01kd6,RUNNING,16:03:07,boost_usr_pr,1,32,16G,lrdn0684
29950767_0,qwen3-30b-01kd5,RUNNING,17:01:36,boost_usr_pr,2,64,0,"lrdn[2142,2167]"
29950767_1,qwen3-30b-01kd5,RUNNING,17:01:36,boost_usr_pr,2,64,0,"lrdn[2222,2278]"
29877397_3,custom_pretrain,RUNNING,21:06:12,boost_usr_pr,16,128,15400M,"lrdn[0065,0097,0109,0124,0175,0548,0742,0759,0786,0795,0820,0841,0873,0885,0909,0935]"
29889555,elo-nllb.az__en,RUNNING,1-13:04:06,boost_usr_pr,1,32,0,lrdn0012
29912456,elo-mymemory.de,RUNNING,1-01:35:43,boost_usr_pr,1,32,0,lrdn1191
29914270,elo-mymemory.en,RUNNING,1-01:23:21,boost_usr_pr,1,32,0,lrdn0917
29914269,elo-mymemory.fr,RUNNING,1-01:23:23,boost_usr_pr,1,32,0,lrdn0781
29914268,elo-mymemory.en,RUNNING,1-01:23:25,boost_usr_pr,1,32,0,lrdn0769
29914267,elo-mymemory.ar,RUNNING,1-01:23:27,boost_usr_pr,1,32,0,lrdn0663
29914266,elo-mymemory.da,RUNNING,1-01:23:27,boost_usr_pr,1,32,0,lrdn0683
29914265,elo-mymemory.cs,RUNNING,1-01:23:31,boost_usr_pr,1,32,0,lrdn0482
29914263,elo-mymemory.es,RUNNING,1-01:23:33,boost_usr_pr,1,32,0,lrdn3129
29914242,elo-nllb.als__e,RUNNING,1-01:23:35,boost_usr_pr,1,32,0,lrdn3111
29914240,elo-nllb.bs__en,RUNNING,1-01:23:39,boost_usr_pr,1,32,0,lrdn0911
29914241,elo-nllb.en__sq,RUNNING,1-01:23:39,boost_usr_pr,1,32,0,lrdn1065
29914239,elo-mymemory.en,RUNNING,1-01:23:43,boost_usr_pr,1,32,0,lrdn0681
29914238,elo-opus.en__ro,RUNNING,1-01:23:45,boost_usr_pr,1,32,0,lrdn0676
29875529,elo-nllb.en__ro,RUNNING,1-22:11:19,boost_usr_pr,1,32,0,lrdn2889
29875527,elo-nllb.es__ro,RUNNING,1-22:11:24,boost_usr_pr,1,32,0,lrdn3065
29875524,elo-nllb.en__eo,RUNNING,1-22:11:26,boost_usr_pr,1,32,0,lrdn2893
29875519,elo-nllb.fr__ro,RUNNING,1-22:11:28,boost_usr_pr,1,32,0,lrdn2879
29875484,elo-mymemory.es,RUNNING,1-22:11:46,boost_usr_pr,1,32,0,lrdn0392
29993487,L3.1-0_grpo_com,RUNNING,40:12,boost_usr_pr,18,576,0,"lrdn[0027,0029,0048,0068,0072,0095,0110,0114,0134,0140,0147,0156,0193,0207,0209,0247,0259,0283]"
29932944,elo-mymemory.en,RUNNING,21:50:30,boost_usr_pr,1,32,0,lrdn2918
29933061,elo-mymemory.ar,RUNNING,21:47:34,boost_usr_pr,1,32,0,lrdn0199
29995376,ksr-letter_8b-4,RUNNING,0:12,boost_usr_pr,2,64,0,lrdn[1095-1096]
29925368,submit_job,RUNNING,23:33:02,boost_usr_pr,256,8192,494000M,"lrdn[0002,0127,0150,0189,0227,0232,0240,0253,0263,0265,0284,0297,0305,0314,0355,0367,0380,0383,0388,0401,0442,0459,0466,0488,0494,0498,0501,0514,0518,0521,0545,0551,0573,0588,0607,0617,0635,0648,0657-0658,0666,0679,0687,0689,0696,0719,0724,0736,0758,0761,0764,0767,0772-0773,0789,0803,0807,0813,0823,0829,0838,0844,0848,0850,0862,0864,0874,0877,0887,0906,0915,0932,0940,0946,1018,1027,1037,1087,1090,1108-1109,1112-1113,1128,1162,1169,1180,1182,1208,1228,1259,1299,1307,1311,1323,1328-1329,1336,1341,1352,1358,1361,1370,1383,1391,1431,1451,1509,1511,1514,1532,1535,1547-1548,1554,1569,1573,1580,1591,1605,1607,1626,1629,1636,1652,1676,1694,1704,1712,1719,1741,1750,1762,1771,1781,1794,1802,1809,1826,1833,1847,1857,1866,1891,1899,1915,1924,1942,1960,1976,1981,1995,2010-2011,2020,2032,2043,2052,2064,2074,2082,2091,2110,2137,2139,2145,2162,2180,2182,2192,2201,2213,2221,2253,2276,2284,2289,2296,2320,2343,2363,2373,2382,2385,2401,2415,2429,2438,2446,2450,2466,2469,2484,2492,2518,2527,2543,2549,2551,2571,2580-2581,2590,2595,2618-2619,2643,2665,2739,2745,2779,2811,2835,2856,2870,2888,2897,2919,2952,2967,2975,2980,2993,3026,3035,3045,3049,3064,3077,3086,3092,3134-3135,3155,3161,3165,3187,3189,3202,3217,3230-3231,3248,3251,3264,3276,3293,3306,3315,3330,3338,3347,3397,3413,3420,3425]"
29972469,submit.slurm,RUNNING,10:15:49,boost_usr_pr,210,6720,15400M,"lrdn[0025,0059,0089,0101,0125,0133,0167,0206,0274,0306,0318,0324,0389,0393,0400,0423,0430,0463,0504,0537,0546,0560,0566,0680,0698,0721,0737,0777,0802,0808,0847,0910,0947,0953,0960,0980,1029-1030,1041,1056,1062,1099,1124,1136,1140,1153,1157,1166,1168,1170,1184,1187,1197-1198,1200,1210,1213-1214,1220,1225-1226,1236,1239,1250-1251,1258,1262,1265,1270,1283,1289,1294,1309,1318,1334,1340,1345,1348,1350-1351,1376,1379,1381,1393,1397,1401,1407,1415-1416,1425,1428,1433,1440,1444,1447,1460,1462,1467,1469,1477,1482-1483,1488,1493,1497,1501,1504,1524,1528-1531,1544,1549,1551,1559,1563,1565,1572,1578,1582-1583,1594,1596,1608,1610,1612,1614,1623,1627,1639,1642,1658,1672,1679,1689,1692-1693,1703,1706,1713,1720,1731,1753,1757,1767,1775,1780,1796,1813,1818,1828,1841,1854,1862,1879,1885,1898,1905,1910,1928,1938,1946,1951,1971,1979,1985,1990,2001,2026,2028,2048,2059,2066,2076,2085,2087,2109,2114,2121,2138,2149,2154,2157,2159,2164,2173,2175,2177,2195,2202,2214,2224,2231,2243,2255,2268,2277,2283,2292,2305,2315,2327,2331,2348,2360-2361,2376,2380,2391]"
29705502_9,main_train,RUNNING,40:24,boost_usr_pr,1,32,200G,lrdn2957
29705502_8,main_train,RUNNING,4:01:42,boost_usr_pr,1,32,200G,lrdn2731
29705502_7,main_train,RUNNING,5:59:47,boost_usr_pr,1,32,200G,lrdn1174
29705502_6,main_train,RUNNING,6:04:51,boost_usr_pr,1,32,200G,lrdn0725
29705502_5,main_train,RUNNING,10:18:02,boost_usr_pr,1,32,200G,lrdn2389
29705502_2,main_train,RUNNING,16:59:34,boost_usr_pr,1,32,200G,lrdn3140
29705502_1,main_train,RUNNING,20:39:45,boost_usr_pr,1,32,200G,lrdn2127
29942314,NEP,RUNNING,32:21,boost_usr_pr,1,1,0,lrdn3455
29942317,NEP,RUNNING,30:31,boost_usr_pr,1,1,0,lrdn3453
29942312,NEP,RUNNING,37:24,boost_usr_pr,1,1,0,lrdn3455
29942303,NEP,RUNNING,1:16:03,boost_usr_pr,1,1,0,lrdn3447
29942307,NEP,RUNNING,1:15:09,boost_usr_pr,1,1,0,lrdn3418
29705497_8,main_train,RUNNING,1-04:15:34,boost_usr_pr,1,32,200G,lrdn0363
29942297,NEP,RUNNING,2:55:44,boost_usr_pr,1,1,0,lrdn3455
29940070,NEP,RUNNING,3:49:07,boost_usr_pr,1,1,0,lrdn3438
29940047,NEP,RUNNING,8:49:25,boost_usr_pr,1,1,0,lrdn3438
29940043,NEP,RUNNING,9:08:02,boost_usr_pr,1,1,0,lrdn3452
29936874,NEP,RUNNING,11:07:03,boost_usr_pr,1,1,0,lrdn3452
29936860,NEP,RUNNING,16:42:49,boost_usr_pr,1,1,0,lrdn3453
29936814,NEP,RUNNING,17:13:49,boost_usr_pr,1,1,0,lrdn3440
29925628,p3dxl,RUNNING,23:29:58,boost_usr_pr,1,3,0,lrdn0412
29925851,p3db,RUNNING,23:25:46,boost_usr_pr,1,3,0,lrdn1405
29936811,NEP,RUNNING,17:56:24,boost_usr_pr,1,1,0,lrdn3446
29995290,bash,RUNNING,2:01,boost_usr_pr,1,1,100G,lrdn3441
29952274,comp_gen_k_4_da,RUNNING,16:31:22,boost_usr_pr,2,32,128G,"lrdn[0900,3256]"
29953052,al,RUNNING,16:19:22,boost_usr_pr,1,4,62000M,lrdn0426
29953053,al,RUNNING,16:19:22,boost_usr_pr,1,4,62000M,lrdn0426
29953054,al,RUNNING,16:19:22,boost_usr_pr,1,4,62000M,lrdn0426
29953055,al,RUNNING,16:19:22,boost_usr_pr,1,4,62000M,lrdn0426
29953056,al,RUNNING,16:19:22,boost_usr_pr,1,4,62000M,lrdn0547
29953057,al,RUNNING,16:19:22,boost_usr_pr,1,4,62000M,lrdn0547
29953058,al,RUNNING,16:19:22,boost_usr_pr,1,4,62000M,lrdn0547
29953059,al,RUNNING,16:19:22,boost_usr_pr,1,4,62000M,lrdn0547
29953060,al,RUNNING,16:19:22,boost_usr_pr,1,4,62000M,lrdn0547
29953061,al,RUNNING,16:19:22,boost_usr_pr,1,4,62000M,lrdn0785
29953062,al,RUNNING,16:19:22,boost_usr_pr,1,4,62000M,lrdn0785
29953064,al,RUNNING,16:19:22,boost_usr_pr,1,4,62000M,lrdn0792
29953065,al,RUNNING,16:19:22,boost_usr_pr,1,4,62000M,lrdn0792
29953066,al,RUNNING,16:19:22,boost_usr_pr,1,4,62000M,lrdn0792
29953067,al,RUNNING,16:19:22,boost_usr_pr,1,4,62000M,lrdn0819
29953068,al,RUNNING,16:19:22,boost_usr_pr,1,4,62000M,lrdn0819
29953069,al,RUNNING,16:19:22,boost_usr_pr,1,4,62000M,lrdn0819
29953010,al,RUNNING,16:19:53,boost_usr_pr,1,4,62000M,lrdn0031
29953011,al,RUNNING,16:19:53,boost_usr_pr,1,4,62000M,lrdn0050
29953012,al,RUNNING,16:19:53,boost_usr_pr,1,4,62000M,lrdn0050
29953013,al,RUNNING,16:19:53,boost_usr_pr,1,4,62000M,lrdn0050
29953014,al,RUNNING,16:19:53,boost_usr_pr,1,4,62000M,lrdn0065
29953015,al,RUNNING,16:19:53,boost_usr_pr,1,4,62000M,lrdn0065
29953016,al,RUNNING,16:19:53,boost_usr_pr,1,4,62000M,lrdn0065
29953017,al,RUNNING,16:19:53,boost_usr_pr,1,4,62000M,lrdn0065
29953018,al,RUNNING,16:19:53,boost_usr_pr,1,4,62000M,lrdn0065
29953019,al,RUNNING,16:19:53,boost_usr_pr,1,4,62000M,lrdn0129
29953020,al,RUNNING,16:19:53,boost_usr_pr,1,4,62000M,lrdn0171
29953021,al,RUNNING,16:19:53,boost_usr_pr,1,4,62000M,lrdn0171
29953022,al,RUNNING,16:19:53,boost_usr_pr,1,4,62000M,lrdn0171
29953043,al,RUNNING,16:19:53,boost_usr_pr,1,4,62000M,lrdn0243
29953045,al,RUNNING,16:19:53,boost_usr_pr,1,4,62000M,lrdn0243
29953046,al,RUNNING,16:19:53,boost_usr_pr,1,4,62000M,lrdn0243
29953047,al,RUNNING,16:19:53,boost_usr_pr,1,4,62000M,lrdn0277
29953048,al,RUNNING,16:19:53,boost_usr_pr,1,4,62000M,lrdn0277
29953051,al,RUNNING,16:19:53,boost_usr_pr,1,4,62000M,lrdn0426
29952990,al,RUNNING,16:20:24,boost_usr_pr,1,4,62000M,lrdn3409
29952991,al,RUNNING,16:20:24,boost_usr_pr,1,4,62000M,lrdn3409
29952992,al,RUNNING,16:20:24,boost_usr_pr,1,4,62000M,lrdn3409
29952993,al,RUNNING,16:20:24,boost_usr_pr,1,4,62000M,lrdn3409
29952994,al,RUNNING,16:20:24,boost_usr_pr,1,4,62000M,lrdn3409
29952995,al,RUNNING,16:20:24,boost_usr_pr,1,4,62000M,lrdn3409
29952996,al,RUNNING,16:20:24,boost_usr_pr,1,4,62000M,lrdn3422
29952997,al,RUNNING,16:20:24,boost_usr_pr,1,4,62000M,lrdn3422
29952998,al,RUNNING,16:20:24,boost_usr_pr,1,4,62000M,lrdn3422
29952999,al,RUNNING,16:20:24,boost_usr_pr,1,4,62000M,lrdn3422
29953000,al,RUNNING,16:20:24,boost_usr_pr,1,4,62000M,lrdn3422
29953001,al,RUNNING,16:20:24,boost_usr_pr,1,4,62000M,lrdn3422
29953002,al,RUNNING,16:20:24,boost_usr_pr,1,4,62000M,lrdn3446
29953004,al,RUNNING,16:20:24,boost_usr_pr,1,4,62000M,lrdn3449
29953005,al,RUNNING,16:20:24,boost_usr_pr,1,4,62000M,lrdn3449
29953006,al,RUNNING,16:20:24,boost_usr_pr,1,4,62000M,lrdn3449
29953007,al,RUNNING,16:20:24,boost_usr_pr,1,4,62000M,lrdn3449
29953008,al,RUNNING,16:20:24,boost_usr_pr,1,4,62000M,lrdn3449
29953009,al,RUNNING,16:20:24,boost_usr_pr,1,4,62000M,lrdn3449
29952970,al,RUNNING,16:20:55,boost_usr_pr,1,4,62000M,lrdn0890
29952971,al,RUNNING,16:20:55,boost_usr_pr,1,4,62000M,lrdn2701
29952972,al,RUNNING,16:20:55,boost_usr_pr,1,4,62000M,lrdn2701
29952973,al,RUNNING,16:20:55,boost_usr_pr,1,4,62000M,lrdn2701
29952974,al,RUNNING,16:20:55,boost_usr_pr,1,4,62000M,lrdn2701
29952975,al,RUNNING,16:20:55,boost_usr_pr,1,4,62000M,lrdn3107
29952976,al,RUNNING,16:20:55,boost_usr_pr,1,4,62000M,lrdn3107
29952977,al,RUNNING,16:20:55,boost_usr_pr,1,4,62000M,lrdn3107
29952978,al,RUNNING,16:20:55,boost_usr_pr,1,4,62000M,lrdn3310
29952979,al,RUNNING,16:20:55,boost_usr_pr,1,4,62000M,lrdn3310
29952980,al,RUNNING,16:20:55,boost_usr_pr,1,4,62000M,lrdn3310
29952981,al,RUNNING,16:20:55,boost_usr_pr,1,4,62000M,lrdn3310
29952982,al,RUNNING,16:20:55,boost_usr_pr,1,4,62000M,lrdn3361
29952983,al,RUNNING,16:20:55,boost_usr_pr,1,4,62000M,lrdn3372
29952984,al,RUNNING,16:20:55,boost_usr_pr,1,4,62000M,lrdn3393
29952985,al,RUNNING,16:20:55,boost_usr_pr,1,4,62000M,lrdn3393
29952986,al,RUNNING,16:20:55,boost_usr_pr,1,4,62000M,lrdn3414
29952987,al,RUNNING,16:20:55,boost_usr_pr,1,4,62000M,lrdn3414
29952988,al,RUNNING,16:20:55,boost_usr_pr,1,4,62000M,lrdn3414
29952989,al,RUNNING,16:20:55,boost_usr_pr,1,4,62000M,lrdn3409
29952950,al,RUNNING,16:21:27,boost_usr_pr,1,4,62000M,lrdn3445
29952951,al,RUNNING,16:21:27,boost_usr_pr,1,4,62000M,lrdn3445
29952952,al,RUNNING,16:21:27,boost_usr_pr,1,4,62000M,lrdn3445
29952953,al,RUNNING,16:21:27,boost_usr_pr,1,4,62000M,lrdn3445
29952954,al,RUNNING,16:21:27,boost_usr_pr,1,4,62000M,lrdn3445
29952955,al,RUNNING,16:21:27,boost_usr_pr,1,4,62000M,lrdn3445
29952956,al,RUNNING,16:21:27,boost_usr_pr,1,4,62000M,lrdn3448
29952957,al,RUNNING,16:21:27,boost_usr_pr,1,4,62000M,lrdn3448
29952958,al,RUNNING,16:21:27,boost_usr_pr,1,4,62000M,lrdn3448
29952959,al,RUNNING,16:21:27,boost_usr_pr,1,4,62000M,lrdn3448
29952960,al,RUNNING,16:21:27,boost_usr_pr,1,4,62000M,lrdn3448
29952961,al,RUNNING,16:21:27,boost_usr_pr,1,4,62000M,lrdn3448
29952963,al,RUNNING,16:21:27,boost_usr_pr,1,4,62000M,lrdn0276
29952964,al,RUNNING,16:21:27,boost_usr_pr,1,4,62000M,lrdn0276
29952965,al,RUNNING,16:21:27,boost_usr_pr,1,4,62000M,lrdn0890
29952966,al,RUNNING,16:21:27,boost_usr_pr,1,4,62000M,lrdn0890
29952967,al,RUNNING,16:21:27,boost_usr_pr,1,4,62000M,lrdn0890
29952968,al,RUNNING,16:21:27,boost_usr_pr,1,4,62000M,lrdn0890
29952969,al,RUNNING,16:21:27,boost_usr_pr,1,4,62000M,lrdn0890
29952930,al,RUNNING,16:21:58,boost_usr_pr,1,4,62000M,lrdn3439
29952932,al,RUNNING,16:21:58,boost_usr_pr,1,4,62000M,lrdn3442
29952934,al,RUNNING,16:21:58,boost_usr_pr,1,4,62000M,lrdn3442
29952935,al,RUNNING,16:21:58,boost_usr_pr,1,4,62000M,lrdn3447
29952936,al,RUNNING,16:21:58,boost_usr_pr,1,4,62000M,lrdn3447
29952937,al,RUNNING,16:21:58,boost_usr_pr,1,4,62000M,lrdn3447
29952938,al,RUNNING,16:21:58,boost_usr_pr,1,4,62000M,lrdn3447
29952939,al,RUNNING,16:21:58,boost_usr_pr,1,4,62000M,lrdn3447
29952941,al,RUNNING,16:21:58,boost_usr_pr,1,4,62000M,lrdn3101
29952942,al,RUNNING,16:21:58,boost_usr_pr,1,4,62000M,lrdn3369
29952943,al,RUNNING,16:21:58,boost_usr_pr,1,4,62000M,lrdn3392
29952944,al,RUNNING,16:21:58,boost_usr_pr,1,4,62000M,lrdn3392
29952947,al,RUNNING,16:21:58,boost_usr_pr,1,4,62000M,lrdn3401
29952890,al,RUNNING,16:22:29,boost_usr_pr,1,4,62000M,lrdn3439
29952892,al,RUNNING,16:22:29,boost_usr_pr,1,4,62000M,lrdn3439
29952894,al,RUNNING,16:22:29,boost_usr_pr,1,4,62000M,lrdn3439
29952896,al,RUNNING,16:22:29,boost_usr_pr,1,4,62000M,lrdn3439
29952901,al,RUNNING,16:22:29,boost_usr_pr,1,4,62000M,lrdn3440
29952903,al,RUNNING,16:22:29,boost_usr_pr,1,4,62000M,lrdn3440
29952905,al,RUNNING,16:22:29,boost_usr_pr,1,4,62000M,lrdn3405
29952907,al,RUNNING,16:22:29,boost_usr_pr,1,4,62000M,lrdn3405
29952909,al,RUNNING,16:22:29,boost_usr_pr,1,4,62000M,lrdn3405
29952911,al,RUNNING,16:22:29,boost_usr_pr,1,4,62000M,lrdn3405
29952913,al,RUNNING,16:22:29,boost_usr_pr,1,4,62000M,lrdn3405
29952915,al,RUNNING,16:22:29,boost_usr_pr,1,4,62000M,lrdn3441
29952917,al,RUNNING,16:22:29,boost_usr_pr,1,4,62000M,lrdn3100
29952919,al,RUNNING,16:22:29,boost_usr_pr,1,4,62000M,lrdn3100
29952921,al,RUNNING,16:22:29,boost_usr_pr,1,4,62000M,lrdn3100
29952923,al,RUNNING,16:22:29,boost_usr_pr,1,4,62000M,lrdn3391
29952925,al,RUNNING,16:22:29,boost_usr_pr,1,4,62000M,lrdn3406
29952927,al,RUNNING,16:22:29,boost_usr_pr,1,4,62000M,lrdn3406
29952928,al,RUNNING,16:22:29,boost_usr_pr,1,4,62000M,lrdn3406
29952929,al,RUNNING,16:22:29,boost_usr_pr,1,4,62000M,lrdn3406
29936785,NEP,RUNNING,18:30:48,boost_usr_pr,1,1,0,lrdn3446
29936790,NEP,RUNNING,18:30:48,boost_usr_pr,1,1,0,lrdn3440
29994341,job_name,RUNNING,19:49,boost_usr_pr,1,4,100G,lrdn0550
29931355,350m_rope_entlo,RUNNING,22:13:51,boost_usr_pr,1,32,15400M,lrdn3402
29931269,350m_rope_entlo,RUNNING,22:14:53,boost_usr_pr,1,32,15400M,lrdn2831
29956335,comp_gen_k_4_da,RUNNING,15:35:34,boost_usr_pr,2,32,128G,"lrdn[1230,1243]"
29900379,NEP,RUNNING,1-05:25:45,boost_usr_pr,1,1,15400M,lrdn3447
29900363,NEP,RUNNING,1-05:26:16,boost_usr_pr,1,1,15400M,lrdn3452
29900362,NEP,RUNNING,1-05:26:25,boost_usr_pr,1,1,15400M,lrdn3453
29900340,NEP,RUNNING,1-05:26:37,boost_usr_pr,1,1,15400M,lrdn3453
29936767,NEP,RUNNING,20:33:07,boost_usr_pr,1,1,0,lrdn3438
29936762,NEP,RUNNING,20:33:16,boost_usr_pr,1,1,0,lrdn3438
29936757,NEP,RUNNING,20:33:25,boost_usr_pr,1,1,0,lrdn3440
29936730,NEP,RUNNING,20:33:51,boost_usr_pr,1,1,0,lrdn3446
29945589,crit_gemma3,RUNNING,18:14:58,boost_usr_pr,1,8,15400M,lrdn3369
29925752,my_batch_job,RUNNING,23:28:23,boost_usr_pr,4,16,400000M,"lrdn[0415,0434,0447,0467]"
29939664,LES_uiuc,RUNNING,19:38:48,boost_usr_pr,8,128,494000M,"lrdn[0176,0196,0326,0370,0420,0483,0502,0522]"
29939501,LES_uiuc,RUNNING,19:41:31,boost_usr_pr,8,128,494000M,"lrdn[0523,2996,3015,3084,3097,3117,3388,3404]"
29990868,interactive,RUNNING,1:27:22,boost_usr_pr,1,1,125G,lrdn3411
29993263,bash,RUNNING,45:53,boost_usr_pr,1,1,125G,lrdn3427
29939609,test,RUNNING,19:39:50,boost_usr_pr,1,32,4000M,lrdn1892
29930207,SFHo_M1.40_M1.4,RUNNING,22:31:11,boost_usr_pr,8,32,0,"lrdn[1797,1878,1884,2108,2395,2537,2567,2585]"
29930032,SFHo_M1.38_M1.3,RUNNING,22:35:51,boost_usr_pr,8,32,0,"lrdn[1432,1538,1640,1791,1816,1930,2015,2046]"
29930138,SFHo_M1.40_M1.4,RUNNING,22:33:48,boost_usr_pr,4,16,0,"lrdn[1716,1819,1865,1926]"
29929758,SFHo_M1.38_M1.3,RUNNING,22:38:59,boost_usr_pr,4,16,0,"lrdn[1839,1900,2002,2019]"
29931685,SFHo_M1.2681_M1,RUNNING,22:10:14,boost_usr_pr,4,16,0,"lrdn[0264,0350,0368,0456]"
29931902,SFHo_M1.2865_M1,RUNNING,22:07:39,boost_usr_pr,8,32,0,"lrdn[0843,0867,0875,0881,0912,0968,0997,1007]"
29931737,SFHo_M1.2681_M1,RUNNING,22:09:43,boost_usr_pr,8,32,0,"lrdn[0538,0612,0632,0780,0854,1452,1545,1766]"
29931773,SFHo_M1.2865_M1,RUNNING,22:09:12,boost_usr_pr,4,16,0,"lrdn[0884,2017,2119,2132]"
29942222,test,RUNNING,19:05:26,boost_usr_pr,1,32,4000M,lrdn0085
29942237,test,RUNNING,19:04:55,boost_usr_pr,1,32,4000M,lrdn0473
29942629,train-abkarino,RUNNING,18:49:04,boost_usr_pr,16,128,480G,"lrdn[2055,2233,2237,2259,2271,2346,2355,2445,2569,2886,2936,3062,3082,3138,3192,3334]"
29993243,micro_train,RUNNING,46:24,boost_usr_pr,1,16,256G,lrdn2651
29960540,sdxl_prostand_b,RUNNING,14:10:58,boost_usr_pr,1,4,0,lrdn1160
29960546,sdxl_prostand_b,RUNNING,14:10:58,boost_usr_pr,1,4,0,lrdn1227
29960533,sdxl_prostand_b,RUNNING,14:12:00,boost_usr_pr,1,4,0,lrdn3359
29990741,job.sh,RUNNING,1:30:57,boost_usr_pr,1,1,494000M,lrdn3412
29990543,job.sh,RUNNING,1:36:34,boost_usr_pr,1,1,494000M,lrdn3407
29956787,pi05_train_spat,RUNNING,15:29:49,boost_usr_pr,1,32,256G,lrdn0800
29956789,pi05_train_obje,RUNNING,15:29:49,boost_usr_pr,1,32,256G,lrdn0827
29954179,XABS,RUNNING,16:06:23,boost_usr_pr,1,2,15400M,lrdn3439
29994719,run_mace_std.sh,RUNNING,11:41,boost_usr_pr,1,1,15400M,lrdn3441
29994616,run_mace_std.sh,RUNNING,13:43,boost_usr_pr,1,1,15400M,lrdn3442
29994605,run_mace_std.sh,RUNNING,14:13,boost_usr_pr,1,1,15400M,lrdn3449
29994512,run_mace_std.sh,RUNNING,15:14,boost_usr_pr,1,1,15400M,lrdn3445
29933221,run_mace_lmp.sh,RUNNING,21:44:03,boost_usr_pr,1,1,15400M,lrdn3456
29950430,run_mace_lmp.sh,RUNNING,17:05:49,boost_usr_pr,1,1,15400M,lrdn3414
29968684,run_mace_lmp.sh,RUNNING,11:40:25,boost_usr_pr,1,1,15400M,lrdn3441
29988946,007860_1,RUNNING,2:19:28,boost_usr_pr,1,4,15400M,lrdn0723
29988947,007860_2,RUNNING,2:19:28,boost_usr_pr,1,4,15400M,lrdn1479
29988948,007860_3,RUNNING,2:19:28,boost_usr_pr,1,4,15400M,lrdn2161
29988949,007860_4,RUNNING,2:19:28,boost_usr_pr,1,4,15400M,lrdn2406
29988950,007860_5,RUNNING,2:19:28,boost_usr_pr,1,4,15400M,lrdn2891
29988951,157860_1,RUNNING,2:19:28,boost_usr_pr,1,4,15400M,lrdn3019
29988952,157860_2,RUNNING,2:19:28,boost_usr_pr,1,4,15400M,lrdn0726
29988953,157860_3,RUNNING,2:19:28,boost_usr_pr,1,4,15400M,lrdn0821
29988954,157860_4,RUNNING,2:19:28,boost_usr_pr,1,4,15400M,lrdn1082
29988955,157860_5,RUNNING,2:19:28,boost_usr_pr,1,4,15400M,lrdn1354
29988738,1552401n,RUNNING,2:25:05,boost_usr_pr,1,4,15400M,lrdn0825
29988739,1552402n,RUNNING,2:25:05,boost_usr_pr,1,4,15400M,lrdn3070
29988740,1552403n,RUNNING,2:25:05,boost_usr_pr,1,4,15400M,lrdn3191
29988741,1552404n,RUNNING,2:25:05,boost_usr_pr,1,4,15400M,lrdn0182
29988742,1552405n,RUNNING,2:25:05,boost_usr_pr,1,4,15400M,lrdn0214
29988743,1552406n,RUNNING,2:25:05,boost_usr_pr,1,4,15400M,lrdn0243
29988744,1552407n,RUNNING,2:25:05,boost_usr_pr,1,4,15400M,lrdn0276
29988745,1552408n,RUNNING,2:25:05,boost_usr_pr,1,4,15400M,lrdn0503
29988746,1552409n,RUNNING,2:25:05,boost_usr_pr,1,4,15400M,lrdn0547
29988747,15524010n,RUNNING,2:25:05,boost_usr_pr,1,4,15400M,lrdn0563
29988748,15524011n,RUNNING,2:25:05,boost_usr_pr,1,4,15400M,lrdn0831
29988749,15524012n,RUNNING,2:25:05,boost_usr_pr,1,4,15400M,lrdn1181
29988750,15524013n,RUNNING,2:25:05,boost_usr_pr,1,4,15400M,lrdn1217
29988751,15524014n,RUNNING,2:25:05,boost_usr_pr,1,4,15400M,lrdn1246
29988752,15524015n,RUNNING,2:25:05,boost_usr_pr,1,4,15400M,lrdn1261
29988753,15524016n,RUNNING,2:25:05,boost_usr_pr,1,4,15400M,lrdn1292
29988754,15524017n,RUNNING,2:25:05,boost_usr_pr,1,4,15400M,lrdn1322
29988755,15524018n,RUNNING,2:25:05,boost_usr_pr,1,4,15400M,lrdn1510
29988756,15524019n,RUNNING,2:25:05,boost_usr_pr,1,4,15400M,lrdn1546
29988757,15524020n,RUNNING,2:25:05,boost_usr_pr,1,4,15400M,lrdn1593
29988704,0052407n,RUNNING,2:25:35,boost_usr_pr,1,4,15400M,lrdn1742
29988705,0052408n,RUNNING,2:25:35,boost_usr_pr,1,4,15400M,lrdn1786
29988706,0052409n,RUNNING,2:25:35,boost_usr_pr,1,4,15400M,lrdn1801
29988707,00524010n,RUNNING,2:25:35,boost_usr_pr,1,4,15400M,lrdn1937
29988708,00524011n,RUNNING,2:25:35,boost_usr_pr,1,4,15400M,lrdn1959
29988709,00524012n,RUNNING,2:25:35,boost_usr_pr,1,4,15400M,lrdn2022
29988710,00524013n,RUNNING,2:25:35,boost_usr_pr,1,4,15400M,lrdn2163
29988711,00524014n,RUNNING,2:25:35,boost_usr_pr,1,4,15400M,lrdn2282
29988712,00524015n,RUNNING,2:25:35,boost_usr_pr,1,4,15400M,lrdn2402
29988713,00524016n,RUNNING,2:25:35,boost_usr_pr,1,4,15400M,lrdn2853
29988714,00524017n,RUNNING,2:25:35,boost_usr_pr,1,4,15400M,lrdn2892
29988715,00524018n,RUNNING,2:25:35,boost_usr_pr,1,4,15400M,lrdn3022
29988716,00524019n,RUNNING,2:25:35,boost_usr_pr,1,4,15400M,lrdn3018
29988717,00524020n,RUNNING,2:25:35,boost_usr_pr,1,4,15400M,lrdn3051
29988698,0052401n,RUNNING,2:25:36,boost_usr_pr,1,4,15400M,lrdn2851
29988699,0052402n,RUNNING,2:25:36,boost_usr_pr,1,4,15400M,lrdn0241
29988700,0052403n,RUNNING,2:25:36,boost_usr_pr,1,4,15400M,lrdn0273
29988701,0052404n,RUNNING,2:25:36,boost_usr_pr,1,4,15400M,lrdn0562
29988702,0052405n,RUNNING,2:25:36,boost_usr_pr,1,4,15400M,lrdn1179
29988703,0052406n,RUNNING,2:25:36,boost_usr_pr,1,4,15400M,lrdn1721
29962053_4,llama_roberta_a,RUNNING,24:23,boost_usr_pr,1,4,15400M,lrdn0991
29962053_3,llama_roberta_a,RUNNING,2:05:42,boost_usr_pr,1,4,15400M,lrdn1749
29945606,LLM_Inspect,RUNNING,18:14:44,boost_usr_pr,1,8,15400M,lrdn3377
29928212,hco3_m,RUNNING,22:51:35,boost_usr_pr,1,1,494000M,lrdn3176
29855410,TRAIN,RUNNING,2-17:51:13,boost_usr_pr,1,4,42000M,lrdn0792
29665383,MD_PZC,RUNNING,3-13:58:07,boost_usr_pr,1,1,15400M,lrdn3452
29969028,belief_bank,RUNNING,11:31:35,boost_usr_pr,1,8,123000M,lrdn0394
29973007,LS,RUNNING,10:02:48,boost_usr_pr,1,8,15400M,lrdn1485
29972740,LS,RUNNING,10:09:34,boost_usr_pr,1,8,15400M,lrdn0409
29971752,vit,RUNNING,10:34:06,boost_usr_pr,1,16,15400M,lrdn2735
29973833,halu_eval,RUNNING,9:25:11,boost_usr_pr,1,8,123000M,lrdn0411
29973901,simple_qa,RUNNING,9:20:28,boost_usr_pr,1,8,123000M,lrdn0782
29973928,belief_bank_c,RUNNING,9:19:25,boost_usr_pr,1,8,123000M,lrdn0402
29935448,NEB100,RUNNING,20:57:09,boost_usr_pr,3,48,15400M,"lrdn[2614,2682,2695]"
29887843,vit,RUNNING,1-14:32:42,boost_usr_pr,1,16,15400M,lrdn0616
29942335,alphaflow_cifar,RUNNING,18:58:46,boost_usr_pr,1,16,64G,lrdn0381
29961610,segllm,RUNNING,12:50:11,boost_usr_pr,1,10,480G,lrdn0387
29966118,segllm,RUNNING,12:36:40,boost_usr_pr,1,10,480G,lrdn0794
29981231,segllm,RUNNING,5:49:47,boost_usr_pr,1,10,480G,lrdn2553
29981067,segllm,RUNNING,5:54:21,boost_usr_pr,1,10,480G,lrdn0543
29965712,template_job.sb,RUNNING,12:45:30,boost_usr_pr,1,1,15400M,lrdn3346
29965713,template_job.sb,RUNNING,12:45:30,boost_usr_pr,1,1,15400M,lrdn3346
29965268,template_job.sb,RUNNING,12:52:15,boost_usr_pr,1,1,15400M,lrdn3396
29965269,template_job.sb,RUNNING,12:52:15,boost_usr_pr,1,1,15400M,lrdn3393
29965270,template_job.sb,RUNNING,12:52:15,boost_usr_pr,1,1,15400M,lrdn3389
29965271,template_job.sb,RUNNING,12:52:15,boost_usr_pr,1,1,15400M,lrdn3349
29965272,template_job.sb,RUNNING,12:52:15,boost_usr_pr,1,1,15400M,lrdn3346
29965234,template_job.sb,RUNNING,12:52:46,boost_usr_pr,1,1,15400M,lrdn3448
29965235,template_job.sb,RUNNING,12:52:46,boost_usr_pr,1,1,15400M,lrdn3441
29995008,tunnel,RUNNING,9:08,boost_usr_pr,1,1,0,lrdn3390
29957267,100_MD_m175,RUNNING,15:15:44,boost_usr_pr,1,1,15400M,lrdn3433
29957268,100_MD_m2,RUNNING,15:15:44,boost_usr_pr,1,1,15400M,lrdn3411
29957263,100_MD_m075,RUNNING,15:18:20,boost_usr_pr,1,1,15400M,lrdn3433
29957264,100_MD_m1,RUNNING,15:18:20,boost_usr_pr,1,1,15400M,lrdn3421
29957265,100_MD_m125,RUNNING,15:18:20,boost_usr_pr,1,1,15400M,lrdn3421
29957266,100_MD_m15,RUNNING,15:18:20,boost_usr_pr,1,1,15400M,lrdn3418
29931138,abmd_10-3,RUNNING,22:16:26,boost_usr_pr,1,1,15400M,lrdn2983
29931140,abmd_10-3,RUNNING,22:16:26,boost_usr_pr,1,1,15400M,lrdn2825
29931141,abmd_10-3,RUNNING,22:16:26,boost_usr_pr,1,1,15400M,lrdn2806
29931142,abmd_10-3,RUNNING,22:16:26,boost_usr_pr,1,1,15400M,lrdn2806
29931143,abmd_10-3,RUNNING,22:16:26,boost_usr_pr,1,1,15400M,lrdn2806
29931144,abmd_10-3,RUNNING,22:16:26,boost_usr_pr,1,1,15400M,lrdn2804
29931145,abmd_10-3,RUNNING,22:16:26,boost_usr_pr,1,1,15400M,lrdn2773
29931146,abmd_10-3,RUNNING,22:16:26,boost_usr_pr,1,1,15400M,lrdn2773
29930819,abmd_10-3,RUNNING,22:16:57,boost_usr_pr,1,1,15400M,lrdn3151
29931022,abmd_10-3,RUNNING,22:16:57,boost_usr_pr,1,1,15400M,lrdn2983
29930788,abmd_10-3,RUNNING,22:18:01,boost_usr_pr,1,1,15400M,lrdn3396
29930789,abmd_10-3,RUNNING,22:18:01,boost_usr_pr,1,1,15400M,lrdn3378
29930358,abmd_10-3,RUNNING,22:28:35,boost_usr_pr,1,1,15400M,lrdn3396
29930359,abmd_10-3,RUNNING,22:28:35,boost_usr_pr,1,1,15400M,lrdn3396
29930300,abmd_10-3,RUNNING,22:30:08,boost_usr_pr,1,1,15400M,lrdn3378
29932420,abmd_10-3,RUNNING,22:00:55,boost_usr_pr,1,1,15400M,lrdn3372
29932421,abmd_10-3,RUNNING,22:00:55,boost_usr_pr,1,1,15400M,lrdn3372
29932424,abmd_10-3,RUNNING,22:00:55,boost_usr_pr,1,1,15400M,lrdn3039
29932425,abmd_10-3,RUNNING,22:00:55,boost_usr_pr,1,1,15400M,lrdn3039
29932426,abmd_10-3,RUNNING,22:00:55,boost_usr_pr,1,1,15400M,lrdn3039
29932427,abmd_10-3,RUNNING,22:00:55,boost_usr_pr,1,1,15400M,lrdn2983
29932429,abmd_10-3,RUNNING,22:00:55,boost_usr_pr,1,1,15400M,lrdn2896
29932430,abmd_10-3,RUNNING,22:00:55,boost_usr_pr,1,1,15400M,lrdn2825
29933186,abmd_10-3,RUNNING,21:45:14,boost_usr_pr,1,1,15400M,lrdn3389
29933187,abmd_10-3,RUNNING,21:45:14,boost_usr_pr,1,1,15400M,lrdn3389
29933042,abmd_10-3,RUNNING,21:48:01,boost_usr_pr,1,1,15400M,lrdn3310
29933043,abmd_10-3,RUNNING,21:48:01,boost_usr_pr,1,1,15400M,lrdn3170
29933044,abmd_10-3,RUNNING,21:48:01,boost_usr_pr,1,1,15400M,lrdn3170
29933045,abmd_10-3,RUNNING,21:48:01,boost_usr_pr,1,1,15400M,lrdn3170
29933046,abmd_10-3,RUNNING,21:48:01,boost_usr_pr,1,1,15400M,lrdn3170
29933047,abmd_10-3,RUNNING,21:48:01,boost_usr_pr,1,1,15400M,lrdn3109
29933048,abmd_10-3,RUNNING,21:48:01,boost_usr_pr,1,1,15400M,lrdn3109
29933049,abmd_10-3,RUNNING,21:48:01,boost_usr_pr,1,1,15400M,lrdn3109
29933050,abmd_10-3,RUNNING,21:48:01,boost_usr_pr,1,1,15400M,lrdn3109
29933051,abmd_10-3,RUNNING,21:48:01,boost_usr_pr,1,1,15400M,lrdn3107
29933053,abmd_10-3,RUNNING,21:48:01,boost_usr_pr,1,1,15400M,lrdn3107
29938288,PGt800_ewm,RUNNING,20:02:31,boost_usr_pr,1,8,15400M,lrdn3419
29933414,abmd_10-3,RUNNING,21:41:12,boost_usr_pr,1,1,15400M,lrdn3405
29933415,abmd_10-3,RUNNING,21:41:12,boost_usr_pr,1,1,15400M,lrdn3405
29933416,abmd_10-3,RUNNING,21:41:12,boost_usr_pr,1,1,15400M,lrdn3405
29933236,abmd_10-3,RUNNING,21:44:03,boost_usr_pr,1,1,15400M,lrdn3389
29990274,vggt4d_train,RUNNING,1:43:43,boost_usr_pr,2,64,15400M,"lrdn[1752,1760]"
29993756,vggt4d_train,RUNNING,33:05,boost_usr_pr,2,64,15400M,"lrdn[0901,0903]"
29995007,vggt4d_train,RUNNING,9:08,boost_usr_pr,2,64,15400M,"lrdn[3211,3213]"
29125522,ABt2,RUNNING,14:00:34,boost_usr_pr,1,32,15400M,lrdn3295
29388019,apo_r1,RUNNING,6:13:37,boost_usr_pr,1,8,15400M,lrdn0722
29388505,apo_r2,RUNNING,6:13:37,boost_usr_pr,1,8,15400M,lrdn1192
29960350,dppc_315,RUNNING,14:15:08,boost_usr_pr,1,8,15400M,lrdn0613
29957807,chol10,RUNNING,15:09:25,boost_usr_pr,1,8,15400M,lrdn0031
29956759,chol25,RUNNING,15:30:19,boost_usr_pr,1,8,15400M,lrdn3371
29972164,LOW,RUNNING,10:24:17,boost_usr_pr,1,32,15400M,lrdn0799
29972180,LOW,RUNNING,10:24:17,boost_usr_pr,1,32,15400M,lrdn0894
29972123,LOW,RUNNING,10:25:54,boost_usr_pr,1,32,15400M,lrdn1310
29950850,gromacs,RUNNING,17:00:36,boost_usr_pr,1,8,5000M,lrdn0008
29952402,RPN_HNHV.sh,RUNNING,12:50:11,boost_usr_pr,12,48,256G,"lrdn[1669,1699,1701,1738,1747,1799,1814,1835,1850,1917,1944,1964]"
29952499,CPN_HNHV.sh,RUNNING,12:50:11,boost_usr_pr,12,48,256G,"lrdn[1973,1987,2007,2103,2130,2153,2179,2184,2317,2334,2354,2430]"
29953722,CPN_MNHV.sh,RUNNING,12:36:40,boost_usr_pr,12,48,256G,"lrdn[1155,1280,1296,1363,1567,1589,1604,1948,1950,1999,2033,2227]"
29953402,100H-1GPa,RUNNING,13:55:23,boost_usr_pr,2,64,480000M,"lrdn[2987,2992]"
29958206,SCS-labelling,RUNNING,12:50:11,boost_usr_pr,2,64,15400M,"lrdn[0403,0416]"
29958207,SCS-labelling,RUNNING,12:50:11,boost_usr_pr,2,64,15400M,"lrdn[0419,0425]"
29953792,300K,RUNNING,12:47:35,boost_usr_pr,1,32,480000M,lrdn3294
29953545,1000K,RUNNING,14:00:34,boost_usr_pr,1,32,480000M,lrdn3320
29955198,vCate,RUNNING,13:55:23,boost_usr_pr,2,64,480000M,"lrdn[3073,3105]"
29953583,700K,RUNNING,14:00:02,boost_usr_pr,1,32,480000M,lrdn3373
29955711,vHddp,RUNNING,13:55:23,boost_usr_pr,2,64,480000M,"lrdn[3102,3121]"
29945803,BMAN_AGALINA,RUNNING,18:11:37,boost_usr_pr,1,32,15400M,lrdn0235
29876399,sbatch_acemd,RUNNING,21:45:14,boost_usr_pr,1,1,15400M,lrdn3386
29876376,sbatch_acemd,RUNNING,21:46:21,boost_usr_pr,1,1,15400M,lrdn3229
29876356,sbatch_acemd,RUNNING,21:46:55,boost_usr_pr,1,1,15400M,lrdn3310
29876367,sbatch_acemd,RUNNING,21:46:55,boost_usr_pr,1,1,15400M,lrdn3229
29876346,sbatch_acemd,RUNNING,21:47:28,boost_usr_pr,1,1,15400M,lrdn3401
29876317,sbatch_acemd,RUNNING,21:49:10,boost_usr_pr,1,1,15400M,lrdn3440
29933737,VLLM_Cluster_Ra,RUNNING,21:31:38,boost_usr_pr,2,16,15400M,"lrdn[0597,0673]"
29876558,sbatch_acemd,RUNNING,21:41:45,boost_usr_pr,1,1,15400M,lrdn3409
29876531,sbatch_acemd,RUNNING,21:42:18,boost_usr_pr,1,1,15400M,lrdn3409
29876543,sbatch_acemd,RUNNING,21:42:18,boost_usr_pr,1,1,15400M,lrdn3409
29876506,sbatch_acemd,RUNNING,21:42:53,boost_usr_pr,1,1,15400M,lrdn3410
29876515,sbatch_acemd,RUNNING,21:42:53,boost_usr_pr,1,1,15400M,lrdn3410
29876481,sbatch_acemd,RUNNING,21:43:27,boost_usr_pr,1,1,15400M,lrdn3410
29876490,sbatch_acemd,RUNNING,21:43:27,boost_usr_pr,1,1,15400M,lrdn3410
29876433,sbatch_acemd,RUNNING,21:44:03,boost_usr_pr,1,1,15400M,lrdn3366
29876467,sbatch_acemd,RUNNING,21:44:03,boost_usr_pr,1,1,15400M,lrdn3366
29876415,sbatch_acemd,RUNNING,21:44:39,boost_usr_pr,1,1,15400M,lrdn3386
29953133,60Ella,RUNNING,12:44:28,boost_usr_pr,2,64,480000M,"lrdn[3123,3179]"
29942383,v6_ext_resume,RUNNING,18:55:46,boost_usr_pr,1,32,200G,lrdn3234
29969976,Llama8B_svd_lon,RUNNING,10:40:23,boost_usr_pr,8,256,494000M,"lrdn[2942,2955,2971,2989,3044,3085,3089,3098]"
29953649,500K,RUNNING,13:55:23,boost_usr_pr,1,32,480000M,lrdn3147
29958200,SCS-labelling,RUNNING,13:55:23,boost_usr_pr,2,64,15400M,"lrdn[3152,3172]"
29958201,SCS-labelling,RUNNING,13:55:23,boost_usr_pr,2,64,15400M,"lrdn[3160,3181]"
29958202,SCS-labelling,RUNNING,13:55:23,boost_usr_pr,2,64,15400M,"lrdn[3195,3216]"
29958203,SCS-labelling,RUNNING,13:55:23,boost_usr_pr,2,64,15400M,"lrdn[3263,3274]"
29958204,SCS-labelling,RUNNING,13:55:23,boost_usr_pr,2,64,15400M,"lrdn[3287,3304]"
29958205,SCS-labelling,RUNNING,13:55:23,boost_usr_pr,2,64,15400M,"lrdn[3317,3322]"
29964683,dmt-within-samp,RUNNING,12:50:11,boost_usr_pr,4,128,0,"lrdn[3116,3132,3146,3164]"
29994342,interactive,RUNNING,19:49,boost_usr_pr,1,8,15400M,lrdn0609
29993986,ftVAE,RUNNING,26:57,boost_usr_pr,1,32,8G,lrdn1022
29995074,SM002,RUNNING,7:37,boost_usr_pr,1,32,8G,lrdn2620
29995011,bash,RUNNING,9:08,boost_usr_pr,1,4,15400M,lrdn3361
29994254,ftDOWN,RUNNING,22:21,boost_usr_pr,1,32,8G,lrdn2732
29969104,pet_first_step,RUNNING,11:19:04,boost_usr_pr,2,64,12G,"lrdn[0288,0295]"
29969105,pet_first_step,RUNNING,11:19:04,boost_usr_pr,2,64,12G,"lrdn[0357,0386]"
29969106,pet_first_step,RUNNING,11:19:04,boost_usr_pr,2,64,12G,"lrdn[0435,0457]"
29969107,pet_first_step,RUNNING,11:19:04,boost_usr_pr,2,64,12G,"lrdn[0540,0812]"
29969108,pet_first_step,RUNNING,11:19:04,boost_usr_pr,2,64,12G,"lrdn[0826,0918]"
29969109,pet_first_step,RUNNING,11:19:04,boost_usr_pr,2,64,12G,"lrdn[1209,1499]"
29969110,pet_first_step,RUNNING,11:19:04,boost_usr_pr,2,64,12G,"lrdn[1595,1978]"
29969111,pet_first_step,RUNNING,11:19:04,boost_usr_pr,2,64,12G,"lrdn[2552,2654]"
29969112,pet_first_step,RUNNING,11:19:04,boost_usr_pr,2,64,12G,"lrdn[2834,2926]"
29884194,Hddp,RUNNING,20:19:23,boost_usr_pr,2,64,480000M,"lrdn[1901,2324]"
29884807,80H-1GPa,RUNNING,19:08:38,boost_usr_pr,2,64,480000M,lrdn[0081-0082]
29953501,Ella,RUNNING,7:29:28,boost_usr_pr,2,64,480000M,"lrdn[0362,0441]"
29953320,Cate-1GPa,RUNNING,6:52:41,boost_usr_pr,2,64,480000M,"lrdn[1552,1556]"
29969090,pet_first_step,RUNNING,11:28:59,boost_usr_pr,2,64,12G,"lrdn[2648,2767]"
29969091,pet_first_step,RUNNING,11:28:59,boost_usr_pr,2,64,12G,"lrdn[2791,2876]"
29969092,pet_first_step,RUNNING,11:28:59,boost_usr_pr,2,64,12G,"lrdn[2867,2908]"
29969093,pet_first_step,RUNNING,11:28:59,boost_usr_pr,2,64,12G,"lrdn[2899,2916]"
29969070,pet_first_step,RUNNING,11:29:30,boost_usr_pr,2,64,12G,"lrdn[1201,1207]"
29969071,pet_first_step,RUNNING,11:29:30,boost_usr_pr,2,64,12G,"lrdn[1312,1314]"
29969072,pet_first_step,RUNNING,11:29:30,boost_usr_pr,2,64,12G,lrdn[1734-1735]
29969073,pet_first_step,RUNNING,11:29:30,boost_usr_pr,2,64,12G,"lrdn[1811,1829]"
29969074,pet_first_step,RUNNING,11:29:30,boost_usr_pr,2,64,12G,lrdn[2426-2427]
29969075,pet_first_step,RUNNING,11:29:30,boost_usr_pr,2,64,12G,"lrdn[2448,2460]"
29969076,pet_first_step,RUNNING,11:29:30,boost_usr_pr,2,64,12G,"lrdn[2493,2503]"
29969077,pet_first_step,RUNNING,11:29:30,boost_usr_pr,2,64,12G,"lrdn[2510,2519]"
29969078,pet_first_step,RUNNING,11:29:30,boost_usr_pr,2,64,12G,"lrdn[2672,2676]"
29969079,pet_first_step,RUNNING,11:29:30,boost_usr_pr,2,64,12G,"lrdn[2702,2706]"
29969080,pet_first_step,RUNNING,11:29:30,boost_usr_pr,2,64,12G,lrdn[2757-2758]
29969081,pet_first_step,RUNNING,11:29:30,boost_usr_pr,2,64,12G,"lrdn[2741,2748]"
29969082,pet_first_step,RUNNING,11:29:30,boost_usr_pr,2,64,12G,lrdn[2786-2787]
29969083,pet_first_step,RUNNING,11:29:30,boost_usr_pr,2,64,12G,"lrdn[0239,0260]"
29969084,pet_first_step,RUNNING,11:29:30,boost_usr_pr,2,64,12G,"lrdn[0289,0474]"
29969085,pet_first_step,RUNNING,11:29:30,boost_usr_pr,2,64,12G,"lrdn[0469,0516]"
29969086,pet_first_step,RUNNING,11:29:30,boost_usr_pr,2,64,12G,"lrdn[0668,0754]"
29969087,pet_first_step,RUNNING,11:29:30,boost_usr_pr,2,64,12G,"lrdn[0788,0817]"
29969088,pet_first_step,RUNNING,11:29:30,boost_usr_pr,2,64,12G,"lrdn[0830,0836]"
29969089,pet_first_step,RUNNING,11:29:30,boost_usr_pr,2,64,12G,"lrdn[0866,0878]"
29969069,pet_first_step,RUNNING,11:30:02,boost_usr_pr,2,64,12G,"lrdn[0023,2526]"
29969102,pet_first_step,RUNNING,11:25:51,boost_usr_pr,2,64,12G,"lrdn[0822,1185]"
29969103,pet_first_step,RUNNING,11:25:51,boost_usr_pr,2,64,12G,"lrdn[2715,3235]"
29969101,pet_first_step,RUNNING,11:28:28,boost_usr_pr,2,64,12G,"lrdn[0899,3254]"
29969094,pet_first_step,RUNNING,11:28:59,boost_usr_pr,2,64,12G,"lrdn[2950,2962]"
29969095,pet_first_step,RUNNING,11:28:59,boost_usr_pr,2,64,12G,"lrdn[2995,3009]"
29969096,pet_first_step,RUNNING,11:28:59,boost_usr_pr,2,64,12G,"lrdn[3038,3053]"
29969097,pet_first_step,RUNNING,11:28:59,boost_usr_pr,2,64,12G,"lrdn[3059,3067]"
29969098,pet_first_step,RUNNING,11:28:59,boost_usr_pr,2,64,12G,"lrdn[3079,3087]"
29969099,pet_first_step,RUNNING,11:28:59,boost_usr_pr,2,64,12G,lrdn[3118-3119]
29969100,pet_first_step,RUNNING,11:28:59,boost_usr_pr,2,64,12G,"lrdn[3203,3210]"
29873544,dit_torchrun_mu,RUNNING,1-22:51:58,boost_usr_pr,2,64,200G,"lrdn[0639,0712]"
29933643,60H-1GPa,RUNNING,6:02:27,boost_usr_pr,2,64,480000M,"lrdn[1036,1045]"
29969068,pet_first_step,RUNNING,11:30:33,boost_usr_pr,2,64,12G,"lrdn[0691,2917]"
29984333,s1,RUNNING,4:24:02,boost_usr_pr,2,64,480000M,lrdn[0927-0928]
29984338,s6,RUNNING,4:24:02,boost_usr_pr,2,64,480000M,lrdn[1077-1078]
29984339,s7,RUNNING,4:24:02,boost_usr_pr,2,64,480000M,"lrdn[1132,1138]"
29973737,distXYZ_MTD,RUNNING,9:29:23,boost_usr_pr,1,8,15400M,lrdn0272
29448265,sbatch_acemd,RUNNING,17:56:23,boost_usr_pr,1,1,15400M,lrdn3399
29988927,RPN_MNHV.sh,RUNNING,2:19:59,boost_usr_pr,12,48,256G,"lrdn[1119,1134,1145,1150,1171,1189,1218,1237,1252,1269,1273,1282]"
29989142,LPN.sh,RUNNING,2:14:22,boost_usr_pr,1,4,256G,lrdn1803
29935213,llama_to_lcm_1,RUNNING,21:02:16,boost_usr_pr,4,128,480G,"lrdn[0762,0973,0999,1024]"
29937718_0,LagCapacity,RUNNING,20:13:28,boost_usr_pr,1,5,15400M,lrdn0006
29937694_0,Capacity,RUNNING,20:13:49,boost_usr_pr,1,5,15400M,lrdn1398
29937694_1,Capacity,RUNNING,20:13:49,boost_usr_pr,1,5,15400M,lrdn3393
29933388,watref,RUNNING,21:41:12,boost_usr_pr,1,1,15400M,lrdn2721
29947445,vus2,RUNNING,17:50:40,boost_usr_pr,1,8,123000M,lrdn0686
29947446,vus3,RUNNING,17:50:40,boost_usr_pr,1,8,123000M,lrdn0703
29949308,vus1,RUNNING,17:30:50,boost_usr_pr,1,8,123000M,lrdn3101
29939566,AAAA,RUNNING,19:40:23,boost_usr_pr,2,64,15400M,"lrdn[2396,2516]"
29939719,AAAA,RUNNING,19:37:41,boost_usr_pr,2,64,15400M,"lrdn[2424,3201]"
29939661,AAAA,RUNNING,19:38:47,boost_usr_pr,2,64,15400M,"lrdn[0557,0594]"
29960293,SN01,RUNNING,12:50:11,boost_usr_pr,2,64,490000M,"lrdn[3169,3174]"
29960294,SN03,RUNNING,12:50:11,boost_usr_pr,2,64,490000M,"lrdn[3193,3197]"
29960295,SN05,RUNNING,12:50:11,boost_usr_pr,2,64,490000M,"lrdn[3215,3237]"
29960296,SN07,RUNNING,12:50:11,boost_usr_pr,2,64,490000M,"lrdn[3222,3247]"
29960297,SN08,RUNNING,12:50:11,boost_usr_pr,2,64,490000M,"lrdn[3260,3299]"
29995221,selection_frame,RUNNING,3:33,boost_usr_pr,1,8,15400M,lrdn2191
29995222,selection_frame,RUNNING,3:33,boost_usr_pr,1,8,15400M,lrdn2191
29995223,selection_frame,RUNNING,3:33,boost_usr_pr,1,8,15400M,lrdn2191
29995224,selection_frame,RUNNING,3:33,boost_usr_pr,1,8,15400M,lrdn1801
29995225,selection_frame,RUNNING,3:33,boost_usr_pr,1,8,15400M,lrdn1801
29995226,selection_frame,RUNNING,3:33,boost_usr_pr,1,8,15400M,lrdn1801
29995227,selection_frame,RUNNING,3:33,boost_usr_pr,1,8,15400M,lrdn2193
29995228,selection_frame,RUNNING,3:33,boost_usr_pr,1,8,15400M,lrdn2193
29881972,plainmd,RUNNING,17:48:35,boost_usr_pr,1,8,15400M,lrdn0008
29881978,plainmd,RUNNING,17:48:35,boost_usr_pr,1,8,15400M,lrdn0686
29881960,plainmd,RUNNING,17:49:06,boost_usr_pr,1,8,15400M,lrdn3303
29881966,plainmd,RUNNING,17:49:06,boost_usr_pr,1,8,15400M,lrdn3346
29951434,1-TRAAK-1,RUNNING,16:46:27,boost_usr_pr,1,32,15400M,lrdn2393
29959580,f21p1r2rs,RUNNING,14:34:59,boost_usr_pr,1,8,15400M,lrdn3378
29944226,llama8b-pretrai,RUNNING,18:13:24,boost_usr_pr,64,2048,15400M,"lrdn[0001,0041,0058,0073,0079,0087,0094,0123,0130,0148,0151,0161,0200,0204,0212,0228,0234,0242,0250,0267,0287,0296,0307,0322,0359,0477,0480,0487,0495,0510,0520,0524,0535,0569,0576,0593,0628-0629,0644,0647,0674,0688,0704,0718,0728,0741,0749,0755,2081,2244,2301,2318,2321,2326,2457,2471,2482,2498,2513,2542,2550,2564,2578,2607]"
29874734,1-TRAAK-4,RUNNING,11:19:04,boost_usr_pr,1,32,15400M,lrdn3090
29924808,cifar10_fmm,RUNNING,23:55:03,boost_usr_pr,1,32,15400M,lrdn3417
29305316,UCL3-46,RUNNING,10:31:52,boost_usr_pr,1,32,15400M,lrdn1120
29305237,UCL3-46,RUNNING,10:17:06,boost_usr_pr,1,32,15400M,lrdn1491
29973406,f21p1r2rs,RUNNING,9:51:20,boost_usr_pr,1,8,15400M,lrdn0090
29995034,align_st1__llam,RUNNING,8:38,boost_usr_pr,2,32,180G,lrdn[0929-0930]
29305264,UCL3-46,RUNNING,9:13:04,boost_usr_pr,1,32,15400M,lrdn0517
29974265,f21p1r2rs,RUNNING,9:00:18,boost_usr_pr,1,8,15400M,lrdn0036
29958179,TrB_TD_W,RUNNING,12:50:11,boost_usr_pr,2,32,492800M,"lrdn[3307,3327]"
29958305,TrB_TD_E,RUNNING,12:50:11,boost_usr_pr,2,32,492800M,"lrdn[3329,3332]"
29985657,epcn,RUNNING,3:46:27,boost_usr_pr,1,12,15400M,lrdn0580
29993510,smdl1r1,RUNNING,39:14,boost_usr_pr,1,8,15400M,lrdn1021
29950807,1-TRAAK-4,RUNNING,9:39,boost_usr_pr,1,32,15400M,lrdn1512
29932764,SAM3_VSPW/SAM3_,RUNNING,3:36:47,boost_usr_pr,1,1,15400M,lrdn3456
29932750,SAM3_VSPW/SAM3_,RUNNING,6:39:29,boost_usr_pr,1,1,15400M,lrdn3451
29935206,models/structur,RUNNING,21:02:37,boost_usr_pr,1,32,494000M,lrdn0137
29940935,models/structur,RUNNING,19:27:19,boost_usr_pr,1,32,494000M,lrdn0210
29942251,models/structur,RUNNING,19:02:13,boost_usr_pr,1,32,494000M,lrdn2636
29936010,cp2k_gpu_job,RUNNING,20:50:34,boost_usr_pr,1,32,15400M,lrdn2206
29938948,cp2k_gpu_job,RUNNING,19:53:42,boost_usr_pr,1,32,15400M,lrdn1680
29973991,models/distance,RUNNING,9:15:43,boost_usr_pr,1,32,494000M,lrdn1268
29944028,hrm_train,RUNNING,18:36:17,boost_usr_pr,1,8,256G,lrdn1838
29944037,hrm_train,RUNNING,18:36:17,boost_usr_pr,1,8,256G,lrdn1873
29244184_5,run_gptoss20b.s,RUNNING,17:26:08,boost_usr_pr,1,8,120G,lrdn3101
29933918,FAP,RUNNING,21:31:38,boost_usr_pr,1,32,15400M,lrdn2864
29993062,gpt2_lora,RUNNING,51:31,boost_usr_pr,1,16,128G,lrdn2781
29870921,P_0_250,RUNNING,2-03:30:14,boost_usr_pr,1,12,15400M,lrdn0421
29848789,training_modifi,RUNNING,2-21:10:06,boost_usr_pr,1,2,64G,lrdn3394
29848788,training_modifi,RUNNING,2-21:13:46,boost_usr_pr,1,2,64G,lrdn3319
29877952,training_modifi,RUNNING,1-20:31:14,boost_usr_pr,1,2,64G,lrdn3394
29990712,CaTaO2N_HSE,RUNNING,1:31:58,boost_usr_pr,16,512,494000M,"lrdn[0020,0028,0057,0104,0113,0119,0145,0173,0179,0188,0198,0203,0218,0236,0248,0268]"
29948288,traak,RUNNING,17:06:52,boost_usr_pr,1,32,15400M,lrdn1645
29993659,PtRuNiOH,RUNNING,35:39,boost_usr_pr,4,128,494000M,"lrdn[0849,0851,0858,0860]"
29985354,ds50333,RUNNING,3:55:05,boost_usr_pr,1,1,15400M,lrdn3449
29950890,prod,RUNNING,17:00:04,boost_usr_pr,1,8,15400M,lrdn0861
29950803,prod,RUNNING,17:00:36,boost_usr_pr,1,8,15400M,lrdn0861
29950770,prod,RUNNING,17:01:08,boost_usr_pr,1,8,15400M,lrdn0421
29950772,prod,RUNNING,17:01:08,boost_usr_pr,1,8,15400M,lrdn0580
29950775,prod,RUNNING,17:01:08,boost_usr_pr,1,8,15400M,lrdn0613
29950776,prod,RUNNING,17:01:08,boost_usr_pr,1,8,15400M,lrdn0686
29950780,prod,RUNNING,17:01:08,boost_usr_pr,1,8,15400M,lrdn0785
29950748,prod,RUNNING,17:01:40,boost_usr_pr,1,8,15400M,lrdn0129
29950749,prod,RUNNING,17:01:40,boost_usr_pr,1,8,15400M,lrdn0272
29950751,prod,RUNNING,17:01:40,boost_usr_pr,1,8,15400M,lrdn0353
29950752,prod,RUNNING,17:01:40,boost_usr_pr,1,8,15400M,lrdn0353
29950753,prod,RUNNING,17:01:40,boost_usr_pr,1,8,15400M,lrdn0381
29950719,prod,RUNNING,17:02:11,boost_usr_pr,1,8,15400M,lrdn0129
29950617,prod,RUNNING,17:02:42,boost_usr_pr,1,8,15400M,lrdn0098
29950619,prod,RUNNING,17:02:42,boost_usr_pr,1,8,15400M,lrdn0098
29950589,prod,RUNNING,17:03:14,boost_usr_pr,1,8,15400M,lrdn0784
29950591,prod,RUNNING,17:03:14,boost_usr_pr,1,8,15400M,lrdn0014
29950592,prod,RUNNING,17:03:14,boost_usr_pr,1,8,15400M,lrdn0046
29950593,prod,RUNNING,17:03:14,boost_usr_pr,1,8,15400M,lrdn0046
29950517,prod,RUNNING,17:03:45,boost_usr_pr,1,8,15400M,lrdn2115
29950519,prod,RUNNING,17:03:45,boost_usr_pr,1,8,15400M,lrdn2115
29950528,prod,RUNNING,17:03:45,boost_usr_pr,1,8,15400M,lrdn2115
29950539,prod,RUNNING,17:03:45,boost_usr_pr,1,8,15400M,lrdn0008
29950487,prod,RUNNING,17:04:16,boost_usr_pr,1,8,15400M,lrdn3391
29950490,prod,RUNNING,17:04:16,boost_usr_pr,1,8,15400M,lrdn3391
29950491,prod,RUNNING,17:04:16,boost_usr_pr,1,8,15400M,lrdn3391
29950492,prod,RUNNING,17:04:16,boost_usr_pr,1,8,15400M,lrdn3377
29951132,prod,RUNNING,16:55:20,boost_usr_pr,1,8,15400M,lrdn3364
29951068,prod,RUNNING,16:56:23,boost_usr_pr,1,8,15400M,lrdn3107
29951071,prod,RUNNING,16:56:23,boost_usr_pr,1,8,15400M,lrdn3107
29951046,prod,RUNNING,16:56:55,boost_usr_pr,1,8,15400M,lrdn3406
29951026,prod,RUNNING,16:57:26,boost_usr_pr,1,8,15400M,lrdn3143
29951029,prod,RUNNING,16:57:26,boost_usr_pr,1,8,15400M,lrdn3309
29951030,prod,RUNNING,16:57:26,boost_usr_pr,1,8,15400M,lrdn3309
29950985,prod,RUNNING,16:57:58,boost_usr_pr,1,8,15400M,lrdn2985
29950988,prod,RUNNING,16:57:58,boost_usr_pr,1,8,15400M,lrdn3039
29950963,prod,RUNNING,16:58:30,boost_usr_pr,1,8,15400M,lrdn0695
29950969,prod,RUNNING,16:58:30,boost_usr_pr,1,8,15400M,lrdn0925
29950970,prod,RUNNING,16:58:30,boost_usr_pr,1,8,15400M,lrdn0925
29950971,prod,RUNNING,16:58:30,boost_usr_pr,1,8,15400M,lrdn0925
29950934,prod,RUNNING,16:59:01,boost_usr_pr,1,8,15400M,lrdn0882
29950915,prod,RUNNING,16:59:32,boost_usr_pr,1,8,15400M,lrdn0828
29950917,prod,RUNNING,16:59:32,boost_usr_pr,1,8,15400M,lrdn0882
29951152,prod,RUNNING,16:54:48,boost_usr_pr,1,8,15400M,lrdn3364
29951155,prod,RUNNING,16:54:48,boost_usr_pr,1,8,15400M,lrdn3364
29951492,prod,RUNNING,16:50:06,boost_usr_pr,1,8,15400M,lrdn3219
29951525,prod,RUNNING,16:50:06,boost_usr_pr,1,8,15400M,lrdn3219
29951526,prod,RUNNING,16:50:06,boost_usr_pr,1,8,15400M,lrdn3219
29951527,prod,RUNNING,16:50:06,boost_usr_pr,1,8,15400M,lrdn3310
29951528,prod,RUNNING,16:50:06,boost_usr_pr,1,8,15400M,lrdn3378
29951529,prod,RUNNING,16:50:06,boost_usr_pr,1,8,15400M,lrdn3393
29951415,prod,RUNNING,16:51:09,boost_usr_pr,1,8,15400M,lrdn3143
29951315,prod,RUNNING,16:52:43,boost_usr_pr,1,8,15400M,lrdn3143
29951740,prod,RUNNING,16:45:56,boost_usr_pr,1,8,15400M,lrdn0703
29951741,prod,RUNNING,16:45:56,boost_usr_pr,1,8,15400M,lrdn0703
29951691,prod,RUNNING,16:46:27,boost_usr_pr,1,8,15400M,lrdn0559
29951707,prod,RUNNING,16:46:27,boost_usr_pr,1,8,15400M,lrdn0695
29951710,prod,RUNNING,16:46:27,boost_usr_pr,1,8,15400M,lrdn0695
29951687,prod,RUNNING,16:46:58,boost_usr_pr,1,8,15400M,lrdn0686
29951656,prod,RUNNING,16:47:29,boost_usr_pr,1,8,15400M,lrdn0559
29951657,prod,RUNNING,16:47:29,boost_usr_pr,1,8,15400M,lrdn0630
29951658,prod,RUNNING,16:47:29,boost_usr_pr,1,8,15400M,lrdn0630
29951599,prod,RUNNING,16:48:31,boost_usr_pr,1,8,15400M,lrdn3401
29951606,prod,RUNNING,16:48:31,boost_usr_pr,1,8,15400M,lrdn0561
29951607,prod,RUNNING,16:48:31,boost_usr_pr,1,8,15400M,lrdn0559
29951570,prod,RUNNING,16:49:03,boost_usr_pr,1,8,15400M,lrdn3371
29951571,prod,RUNNING,16:49:03,boost_usr_pr,1,8,15400M,lrdn3401
29951577,prod,RUNNING,16:49:03,boost_usr_pr,1,8,15400M,lrdn0006
29951545,prod,RUNNING,16:49:34,boost_usr_pr,1,8,15400M,lrdn3414
29951546,prod,RUNNING,16:49:34,boost_usr_pr,1,8,15400M,lrdn3414
29951548,prod,RUNNING,16:49:34,boost_usr_pr,1,8,15400M,lrdn3401
29951884,prod,RUNNING,16:42:17,boost_usr_pr,1,8,15400M,lrdn0703
29951871,prod,RUNNING,16:42:48,boost_usr_pr,1,8,15400M,lrdn3370
29951829,prod,RUNNING,16:43:51,boost_usr_pr,1,8,15400M,lrdn0784
29951831,prod,RUNNING,16:43:51,boost_usr_pr,1,8,15400M,lrdn0861
29952361,prod,RUNNING,16:30:50,boost_usr_pr,1,8,15400M,lrdn0630
29952363,prod,RUNNING,16:30:50,boost_usr_pr,1,8,15400M,lrdn1553
29952345,prod,RUNNING,16:31:21,boost_usr_pr,1,8,15400M,lrdn1553
29952320,prod,RUNNING,16:31:52,boost_usr_pr,1,8,15400M,lrdn1267
29952225,prod,RUNNING,16:33:58,boost_usr_pr,1,8,15400M,lrdn0784
29649811,P_137_500,RUNNING,3-15:19:53,boost_usr_pr,1,12,15400M,lrdn0421
29967441,tamd,RUNNING,12:05:55,boost_usr_pr,1,16,15400M,lrdn2351
29967403,tamd,RUNNING,12:06:58,boost_usr_pr,1,16,15400M,lrdn2351
29967298,tamd,RUNNING,12:09:35,boost_usr_pr,1,16,15400M,lrdn0618
29967574,tamd,RUNNING,12:02:47,boost_usr_pr,1,16,15400M,lrdn0618
29967577,tamd,RUNNING,12:02:47,boost_usr_pr,1,16,15400M,lrdn1235
29967515,tamd,RUNNING,12:04:21,boost_usr_pr,1,16,15400M,lrdn2763
29967493,tamd,RUNNING,12:04:53,boost_usr_pr,1,16,15400M,lrdn2763
29967698,tamd,RUNNING,11:59:39,boost_usr_pr,1,16,15400M,lrdn2290
29967703,tamd,RUNNING,11:59:39,boost_usr_pr,1,16,15400M,lrdn2352
29973987,ds50333,RUNNING,9:16:14,boost_usr_pr,1,1,15400M,lrdn3455
29972327,ele_1,RUNNING,10:20:29,boost_usr_pr,1,8,15400M,lrdn1851
29972626,ele_1,RUNNING,10:12:42,boost_usr_pr,1,8,15400M,lrdn1846
29972948,ele_1,RUNNING,10:04:21,boost_usr_pr,1,8,15400M,lrdn0129
29974607,ele_1,RUNNING,8:46:36,boost_usr_pr,1,8,15400M,lrdn0489
29938323,prometeo,RUNNING,20:00:13,boost_usr_pr,12,384,15400M,"lrdn[1579,1638,1648,1663,2075,2128-2129,3043,3183,3236,3326,3356]"
29974775,ele_1,RUNNING,8:41:22,boost_usr_pr,1,8,15400M,lrdn0994
29975498,ele_1,RUNNING,8:19:33,boost_usr_pr,1,8,15400M,lrdn0142
29975956,ele_1,RUNNING,8:07:09,boost_usr_pr,1,8,15400M,lrdn0043
29979972,ele_1,RUNNING,6:23:45,boost_usr_pr,1,8,15400M,lrdn3249
29980506,ele_1,RUNNING,6:09:33,boost_usr_pr,1,8,15400M,lrdn0579
29980782,ele_1,RUNNING,6:02:27,boost_usr_pr,1,8,15400M,lrdn1192
29981954,ele_1,RUNNING,5:29:00,boost_usr_pr,1,8,15400M,lrdn1861
29959971,ds50333,RUNNING,14:25:02,boost_usr_pr,1,1,15400M,lrdn3436
29948387,2membrane,RUNNING,5:12:16,boost_usr_pr,1,32,15400M,lrdn1172
29982795,ele_1,RUNNING,5:06:10,boost_usr_pr,1,8,15400M,lrdn3249
29982685,ele_1,RUNNING,5:09:13,boost_usr_pr,1,8,15400M,lrdn3316
29983176,ele_1,RUNNING,4:55:31,boost_usr_pr,1,8,15400M,lrdn3262
29983322,ele_1,RUNNING,4:51:27,boost_usr_pr,1,8,15400M,lrdn3316
29948670,2SZ-insertion,RUNNING,4:45:52,boost_usr_pr,1,32,15400M,lrdn0923
29983487,ele_1,RUNNING,4:46:53,boost_usr_pr,1,8,15400M,lrdn3262
29983581,ele_1,RUNNING,4:44:21,boost_usr_pr,1,8,15400M,lrdn0031
29983789,ele_1,RUNNING,4:38:46,boost_usr_pr,1,8,15400M,lrdn0995
29984141,ele_1,RUNNING,4:28:36,boost_usr_pr,1,8,15400M,lrdn3212
29984436,ele_1,RUNNING,4:20:59,boost_usr_pr,1,8,15400M,lrdn3361
29938143,col_check,RUNNING,20:05:37,boost_usr_pr,1,32,15400M,lrdn3069
29984836,ele_1,RUNNING,4:09:49,boost_usr_pr,1,8,15400M,lrdn0005
29984975,ele_1,RUNNING,4:05:45,boost_usr_pr,1,8,15400M,lrdn0005
29984946,ele_1,RUNNING,4:06:46,boost_usr_pr,1,8,15400M,lrdn0579
29984998,ele_1,RUNNING,4:04:44,boost_usr_pr,1,8,15400M,lrdn3423
29985138,ele_1,RUNNING,4:01:11,boost_usr_pr,1,8,15400M,lrdn3371
29985081,ele_1,RUNNING,4:02:43,boost_usr_pr,1,8,15400M,lrdn3423
29985340,ele_1,RUNNING,3:55:35,boost_usr_pr,1,8,15400M,lrdn2115
29985516,ele_1,RUNNING,3:50:31,boost_usr_pr,1,8,15400M,lrdn1861
29985450,ele_1,RUNNING,3:52:32,boost_usr_pr,1,8,15400M,lrdn3371
29985652,ele_1,RUNNING,3:46:27,boost_usr_pr,1,8,15400M,lrdn3423
29985642,ele_1,RUNNING,3:46:57,boost_usr_pr,1,8,15400M,lrdn0032
29985828,ele_1,RUNNING,3:41:52,boost_usr_pr,1,8,15400M,lrdn2911
29985968,ele_1,RUNNING,3:38:19,boost_usr_pr,1,8,15400M,lrdn2521
29985942,ele_1,RUNNING,3:38:49,boost_usr_pr,1,8,15400M,lrdn0032
29986248,ele_1,RUNNING,3:30:41,boost_usr_pr,1,8,15400M,lrdn0579
29986189,ele_1,RUNNING,3:32:13,boost_usr_pr,1,8,15400M,lrdn0272
29986139,ele_1,RUNNING,3:33:44,boost_usr_pr,1,8,15400M,lrdn2521
29986123,ele_1,RUNNING,3:34:15,boost_usr_pr,1,8,15400M,lrdn2911
29986298,ele_1,RUNNING,3:29:10,boost_usr_pr,1,8,15400M,lrdn0580
29953464,ds50333,RUNNING,16:12:05,boost_usr_pr,1,1,15400M,lrdn3456
29932489,Tetr_PbCl4,RUNNING,21:53:11,boost_usr_pr,6,192,15400M,"lrdn[1550,1624,1807,1965,2071,2217]"
29986541,ele_1,RUNNING,3:23:04,boost_usr_pr,1,8,15400M,lrdn3005
29986791,ele_1,RUNNING,3:16:27,boost_usr_pr,1,8,15400M,lrdn3370
29986717,ele_1,RUNNING,3:18:29,boost_usr_pr,1,8,15400M,lrdn3309
29986668,ele_1,RUNNING,3:19:30,boost_usr_pr,1,8,15400M,lrdn0587
29986848,ele_1,RUNNING,3:14:55,boost_usr_pr,1,8,15400M,lrdn3309
29986926,ele_1,RUNNING,3:12:53,boost_usr_pr,1,8,15400M,lrdn1389
29987292,ele_1,RUNNING,3:04:15,boost_usr_pr,1,8,15400M,lrdn3262
29987749,ele_1,RUNNING,2:51:32,boost_usr_pr,1,8,15400M,lrdn2911
29987684,ele_1,RUNNING,2:53:04,boost_usr_pr,1,8,15400M,lrdn0272
29987912,ele_1,RUNNING,2:46:58,boost_usr_pr,1,8,15400M,lrdn3190
29945922,abeta42_MW,RUNNING,12:33:02,boost_usr_pr,2,64,123000M,"lrdn[2953,3068]"
29988758,ele_1,RUNNING,2:25:04,boost_usr_pr,1,8,15400M,lrdn1751
29988931,ele_1,RUNNING,2:19:59,boost_usr_pr,1,8,15400M,lrdn0489
29989614,ele_1,RUNNING,2:01:37,boost_usr_pr,1,8,15400M,lrdn1389
29989833,ele_1,RUNNING,1:55:29,boost_usr_pr,1,8,15400M,lrdn2169
29989927,ele_1,RUNNING,1:52:56,boost_usr_pr,1,8,15400M,lrdn1929
29989928,ele_1,RUNNING,1:52:56,boost_usr_pr,1,8,15400M,lrdn2169
29990298,ele_1,RUNNING,1:43:13,boost_usr_pr,1,8,15400M,lrdn0579
29990520,ele_1,RUNNING,1:37:05,boost_usr_pr,1,8,15400M,lrdn2491
29990489,ele_1,RUNNING,1:38:06,boost_usr_pr,1,8,15400M,lrdn2146
29990590,ele_1,RUNNING,1:35:02,boost_usr_pr,1,8,15400M,lrdn1390
29948739,3SZ-insertion,RUNNING,1:31:58,boost_usr_pr,1,32,15400M,lrdn1681
29990680,ele_1,RUNNING,1:32:59,boost_usr_pr,1,8,15400M,lrdn2650
29991089,ele_1,RUNNING,1:21:44,boost_usr_pr,1,8,15400M,lrdn2521
29948450,3membrane,RUNNING,1:24:18,boost_usr_pr,1,32,15400M,lrdn0465
29948519,SZ-insertion,RUNNING,1:24:18,boost_usr_pr,1,32,15400M,lrdn2652
29992125,JD_24,RUNNING,1:07:24,boost_usr_pr,1,32,15400M,lrdn2776
29992751,col_0,RUNNING,1:00:12,boost_usr_pr,1,32,15400M,lrdn0011
29991361,ele_1,RUNNING,1:14:34,boost_usr_pr,1,8,15400M,lrdn0091
29992058,dlpcprod_gat0,RUNNING,1:07:54,boost_usr_pr,1,32,15400M,lrdn2657
29992704,ele_1,RUNNING,1:01:14,boost_usr_pr,1,8,15400M,lrdn3130
29992571,ele_1,RUNNING,1:03:48,boost_usr_pr,1,8,15400M,lrdn0549
29992974,popcprod_gat,RUNNING,54:04,boost_usr_pr,1,32,15400M,lrdn3122
29993316,ele_1,RUNNING,44:21,boost_usr_pr,1,8,15400M,lrdn0549
29993627,ele_1,RUNNING,36:40,boost_usr_pr,1,8,15400M,lrdn3361
29993586,ele_1,RUNNING,37:42,boost_usr_pr,1,8,15400M,lrdn1389
29993543,ele_1,RUNNING,38:43,boost_usr_pr,1,8,15400M,lrdn0991
29993758,ele_1,RUNNING,33:05,boost_usr_pr,1,8,15400M,lrdn3003
29945825,BMAN_BMAN,RUNNING,18:11:10,boost_usr_pr,1,32,15400M,lrdn0313
29994111,ele_1,RUNNING,25:25,boost_usr_pr,1,8,15400M,lrdn1390
29983007,-400_1_19_no_re,RUNNING,5:00:05,boost_usr_pr,1,32,15400M,lrdn0971
29983008,-400_4_20_no_re,RUNNING,5:00:05,boost_usr_pr,1,32,15400M,lrdn1385
29983009,-200_3_20_no_re,RUNNING,5:00:05,boost_usr_pr,1,32,15400M,lrdn1785
29982993,-400_3_15_no_re,RUNNING,5:00:36,boost_usr_pr,1,32,15400M,lrdn1382
29982970,-400_1_19_no_re,RUNNING,5:01:06,boost_usr_pr,1,32,15400M,lrdn1366
29983191,-200_1_20_no_re,RUNNING,4:55:00,boost_usr_pr,1,32,15400M,lrdn1935
29983117,-400_2_19_no_re,RUNNING,4:57:02,boost_usr_pr,1,32,15400M,lrdn1894
29983053,-200_4_18_no_re,RUNNING,4:59:04,boost_usr_pr,1,32,15400M,lrdn1876
29994192,ele_1,RUNNING,23:53,boost_usr_pr,1,8,15400M,lrdn1389
29984236,-200_2_19_no_re,RUNNING,4:26:04,boost_usr_pr,1,32,15400M,lrdn3323
29984105,-200_3_19_no_re,RUNNING,4:29:37,boost_usr_pr,1,32,15400M,lrdn3351
29984814,-400_2_20_no_re,RUNNING,4:10:20,boost_usr_pr,1,32,15400M,lrdn3017
29881553,prod4,RUNNING,9:34:04,boost_usr_pr,1,16,15400M,lrdn1851
29994766,ele_1,RUNNING,10:40,boost_usr_pr,1,8,15400M,lrdn0992
29984904,-200_1_19_no_re,RUNNING,4:07:47,boost_usr_pr,1,32,15400M,lrdn1395
29985163,-400_4_19_no_re,RUNNING,4:00:41,boost_usr_pr,1,32,15400M,lrdn1216
29995134,ele_1,RUNNING,6:05,boost_usr_pr,1,8,15400M,lrdn1845
29995057,ele_1,RUNNING,8:07,boost_usr_pr,1,8,15400M,lrdn2733
29956128,Eq7,RUNNING,10:31:18,boost_usr_pr,1,16,15400M,lrdn1846
29971842,T-RECs,RUNNING,10:32:26,boost_usr_pr,1,32,482G,lrdn0168
29971845,T-RECs,RUNNING,10:32:26,boost_usr_pr,1,32,482G,lrdn0398
29881031,prod4,RUNNING,10:37:14,boost_usr_pr,1,16,15400M,lrdn0395
29995191,ele_1,RUNNING,4:34,boost_usr_pr,1,8,15400M,lrdn1576
29986064,-400_3_18_no_re,RUNNING,3:35:46,boost_usr_pr,1,32,15400M,lrdn1449
29971250,MetaD_replica00,RUNNING,10:34:39,boost_usr_pr,1,32,15400M,lrdn1347
29971251,MetaD_replica01,RUNNING,10:34:39,boost_usr_pr,1,32,15400M,lrdn1349
29971252,MetaD_replica02,RUNNING,10:34:39,boost_usr_pr,1,32,15400M,lrdn1377
29971253,MetaD_replica03,RUNNING,10:34:39,boost_usr_pr,1,32,15400M,lrdn1419
29994606,plum1_vacLiCoO2,RUNNING,14:13,boost_usr_pr,1,32,494000M,lrdn3352
29994607,plum2_vacLiCoO2,RUNNING,14:13,boost_usr_pr,1,32,494000M,lrdn2262
29973031,apt8,RUNNING,9:58:38,boost_usr_pr,1,32,15400M,lrdn1404
29973044,apt8,RUNNING,9:58:38,boost_usr_pr,1,32,15400M,lrdn1442
29973047,apt8,RUNNING,9:58:38,boost_usr_pr,1,32,15400M,lrdn1458
29973877,LOW,RUNNING,9:17:50,boost_usr_pr,1,32,15400M,lrdn0564
29973116,apt8,RUNNING,9:55:30,boost_usr_pr,1,32,15400M,lrdn2762
29973114,apt8,RUNNING,9:58:38,boost_usr_pr,1,32,15400M,lrdn1471
29973118,apt8,RUNNING,9:55:30,boost_usr_pr,1,32,15400M,lrdn2777
29973131,apt8,RUNNING,9:55:30,boost_usr_pr,1,32,15400M,lrdn2807
29973029,apt8,RUNNING,10:01:45,boost_usr_pr,1,32,15400M,lrdn3028
29971998,MetaD_replica03,RUNNING,10:26:26,boost_usr_pr,1,32,15400M,lrdn2610
29971992,MetaD_replica00,RUNNING,10:26:57,boost_usr_pr,1,32,15400M,lrdn1387
29971994,MetaD_replica01,RUNNING,10:26:57,boost_usr_pr,1,32,15400M,lrdn1496
29971996,MetaD_replica02,RUNNING,10:26:57,boost_usr_pr,1,32,15400M,lrdn3283
29939575,prod2,RUNNING,1:36:03,boost_usr_pr,1,8,15400M,lrdn1390
29881084,prod5,RUNNING,36:40,boost_usr_pr,1,16,15400M,lrdn0471
29991509,runps0.do,RUNNING,1:10:28,boost_usr_pr,2,64,15400M,lrdn[0933-0934]
29933389,modern-bertic-3,RUNNING,21:40:39,boost_usr_pr,4,128,0,"lrdn[1893,1967,1974,2404]"
29956745,-10_1_45r,RUNNING,15:30:50,boost_usr_pr,1,2,200000M,lrdn3244
29956714,-10_1_45r,RUNNING,15:31:22,boost_usr_pr,1,2,200000M,lrdn3058
29956718,-10_1_45r,RUNNING,15:31:22,boost_usr_pr,1,2,200000M,lrdn3229
29956672,-15_1_45r,RUNNING,15:32:24,boost_usr_pr,1,2,200000M,lrdn3001
29995075,mergenetic_qwen,RUNNING,7:37,boost_usr_pr,1,8,0,lrdn2621
29995005,mergenetic_qwen,RUNNING,9:08,boost_usr_pr,1,8,0,lrdn0981
29947154,-15_1_45r,RUNNING,17:48:35,boost_usr_pr,1,2,200000M,lrdn1553
29944717,-15_n1_850,RUNNING,18:26:16,boost_usr_pr,1,2,200000M,lrdn1555
29944718,-15_n1_800,RUNNING,18:26:16,boost_usr_pr,1,2,200000M,lrdn1989
29944720,-15_n1_750,RUNNING,18:26:16,boost_usr_pr,1,2,200000M,lrdn2170
29944579,-5_n1_850,RUNNING,18:26:47,boost_usr_pr,1,2,200000M,lrdn0381
29944580,-5_n1_800,RUNNING,18:26:47,boost_usr_pr,1,2,200000M,lrdn0394
29944581,-5_n1_750,RUNNING,18:26:47,boost_usr_pr,1,2,200000M,lrdn0406
29944586,-10_n1_850,RUNNING,18:26:47,boost_usr_pr,1,2,200000M,lrdn0486
29944587,-10_n1_800,RUNNING,18:26:47,boost_usr_pr,1,2,200000M,lrdn0491
29944589,-10_n1_750,RUNNING,18:26:47,boost_usr_pr,1,2,200000M,lrdn0828
29992857,bash,RUNNING,57:08,boost_usr_pr,1,1,125G,lrdn3427
29962981,Pyr14_1000,RUNNING,12:32:30,boost_usr_pr,4,128,15400M,"lrdn[2061,2100,2323,2555]"
29592478,AQP-PE,RUNNING,45:22,boost_usr_pr,1,8,15400M,lrdn0991
29398251,LYP-PE,RUNNING,6:18:11,boost_usr_pr,1,8,15400M,lrdn0722
29950626,pN_B_RE7,RUNNING,12:32:30,boost_usr_pr,8,256,15400M,"lrdn[2759,2838,2865,2902,2914,2938,3093,3225]"
29592264,AQP-MIX,RUNNING,10:10:37,boost_usr_pr,1,8,15400M,lrdn0031
29946204,Python,RUNNING,18:06:56,boost_usr_pr,1,8,15400M,lrdn3442
29970962,dc_lora_llm_mis,RUNNING,10:52:55,boost_usr_pr,1,8,15400M,lrdn0008
29974462,my_gpu_job,RUNNING,8:52:54,boost_usr_pr,1,4,123000M,lrdn3361
29948821,plm_nvtMD,RUNNING,12:32:30,boost_usr_pr,1,32,15400M,lrdn3381
29957328,cycloex,RUNNING,12:31:59,boost_usr_pr,1,32,123000M,lrdn0169
29957329,cycloex,RUNNING,12:31:59,boost_usr_pr,1,32,123000M,lrdn0453
29958300,chatpgou.sh,RUNNING,12:31:28,boost_usr_pr,16,512,15400M,"lrdn[0051,0174,0205,0226,0883,1047,1141,1423,1541,1562,1613,1723,1761,1836,1880,1922]"
29958296,chatpainf.sh,RUNNING,12:31:59,boost_usr_pr,16,512,15400M,"lrdn[1222,1234,1256,1266,1372-1373,1523,1697,1709,1755,2060,2095,2606,2679,2796,2904]"
29957034,st22ll,RUNNING,12:31:28,boost_usr_pr,4,128,200G,"lrdn[2577,2608,2653,2656]"
29937354,2DopGe75,RUNNING,20:20:14,boost_usr_pr,6,192,15400M,"lrdn[0330,0652,1074,1176,1784,3047]"
29949432,SAE_GridPart,RUNNING,12:30:57,boost_usr_pr,1,32,450G,lrdn0219
29949433,SAE_GridPart,RUNNING,12:30:57,boost_usr_pr,1,32,450G,lrdn0432
29949435,SAE_GridPart,RUNNING,12:30:57,boost_usr_pr,1,32,450G,lrdn0479
29949436,SAE_GridPart,RUNNING,12:30:57,boost_usr_pr,1,32,450G,lrdn0888
29872827,my_batch_job,RUNNING,23:39:03,boost_usr_pr,1,16,15400M,lrdn3311
29934380,run2,RUNNING,21:20:03,boost_usr_pr,1,32,15400M,lrdn1500
29934384,run3,RUNNING,21:20:03,boost_usr_pr,1,32,15400M,lrdn1508
29934338,run1,RUNNING,21:21:11,boost_usr_pr,1,32,15400M,lrdn1106
29934220,run0,RUNNING,21:24:06,boost_usr_pr,1,32,15400M,lrdn0178
29925688,TB2.5,RUNNING,20:58:36,boost_usr_pr,32,1024,15400M,"lrdn[0623,0631,0697,0708,0729,0746,0753,0776,0833,0907,0937,0950,1057,1264,1291,1320-1321,1384,1461,1522,1584,1660,1718,1843,1848,2274,2336,2344,2458,2487,2490,2506]"
29925649,TB2.5,RUNNING,21:50:19,boost_usr_pr,32,1024,15400M,"lrdn[0515,0598,0606,1238,1406,1450,1566,1611,1677,1708,1858,1945,2000,2012,2225,2291,2383,2399,2416,2419,2442,2520,2557,2587,2600,2641,2717,2722,2765,2788,2821,2841]"
29510179,n3mongo_hyperop,RUNNING,3-21:24:01,boost_usr_pr,1,32,481G,lrdn1787
29848518,training_4gpu_m,RUNNING,2-20:44:10,boost_usr_pr,1,32,15400M,lrdn3280
29848475,training_4gpu_m,RUNNING,2-20:46:45,boost_usr_pr,1,32,15400M,lrdn3278
29848395,training_4gpu_m,RUNNING,2-21:02:19,boost_usr_pr,1,32,15400M,lrdn3297
29852103,training_4gpu_m,RUNNING,2-19:00:55,boost_usr_pr,1,32,15400M,lrdn0238
29934910,turb_strong_jet,RUNNING,21:08:22,boost_usr_pr,8,256,15400M,"lrdn[0019,0022,0034,0055,0070,0122,0183,0224]"
29993880,starvla-libero_,RUNNING,30:01,boost_usr_pr,1,8,15400M,lrdn3130
29993819,starvla-libero_,RUNNING,31:33,boost_usr_pr,1,8,15400M,lrdn3003
29993820,starvla-libero_,RUNNING,31:33,boost_usr_pr,1,8,15400M,lrdn0471
29993796,starvla-libero_,RUNNING,32:04,boost_usr_pr,1,8,15400M,lrdn0991
29993798,starvla-libero_,RUNNING,32:04,boost_usr_pr,1,8,15400M,lrdn0549
29969196,d_qh_11,RUNNING,10:34:39,boost_usr_pr,1,32,15400M,lrdn1620
29969211,d_qh_12,RUNNING,10:34:39,boost_usr_pr,1,32,15400M,lrdn1647
29969233,d_qh_13,RUNNING,10:34:39,boost_usr_pr,1,32,15400M,lrdn1649
29969238,d_qh_15,RUNNING,10:34:39,boost_usr_pr,1,32,15400M,lrdn1656
29969256,d_qh_17,RUNNING,10:34:39,boost_usr_pr,1,32,15400M,lrdn1668
29969259,d_qh_18,RUNNING,10:34:39,boost_usr_pr,1,32,15400M,lrdn1682
29969285,d_qh_19,RUNNING,10:34:39,boost_usr_pr,1,32,15400M,lrdn1817
29969301,d_qh_23,RUNNING,10:34:39,boost_usr_pr,1,32,15400M,lrdn1874
29969304,d_qh_24,RUNNING,10:34:39,boost_usr_pr,1,32,15400M,lrdn1994
29969346,d_qh_28,RUNNING,10:34:39,boost_usr_pr,1,32,15400M,lrdn2094
29969348,d_qh_29,RUNNING,10:34:39,boost_usr_pr,1,32,15400M,lrdn2922
29995097,video_training_,RUNNING,7:06,boost_usr_pr,2,64,256G,"lrdn[2470,2477]"
29993307,vigil_ablest,RUNNING,44:52,boost_usr_pr,1,8,64G,lrdn1392
29969161,d_qh_9,RUNNING,11:29:30,boost_usr_pr,1,32,15400M,lrdn1659
29963582,run16x4.sh,RUNNING,12:29:53,boost_usr_pr,8,256,0,"lrdn[0872,0895,0942,1068,1298,1561,1688,1997]"
29989585,run-spuma.sh,RUNNING,2:02:08,boost_usr_pr,1,32,60G,lrdn2027
29989555,run-spuma.sh,RUNNING,2:03:09,boost_usr_pr,1,32,60G,lrdn1759
29938264,training_4gpu_m,RUNNING,19:58:58,boost_usr_pr,1,32,15400M,lrdn2472
29844993,jobscript-bench,RUNNING,12:05:55,boost_usr_pr,16,512,0,"lrdn[0351,0433,0443,0493,0519,0534,0542,0574,0596,0619,0662,0692,0702,0706,0727,0743]"
29992766,r3,RUNNING,59:42,boost_usr_pr,32,512,0,"lrdn[0007,0016-0017,0040,0044,0052,0063,0071,0075,0092,0099,0105,0126,0131,0136,0152,0159,0165,0181,0190,0195,0216,0220,0231,0244,0249,0255,0275,0280,0285,0303,0315]"
29939147,x6_scan,RUNNING,1:04:19,boost_usr_pr,4,64,200G,"lrdn[0484,0490,0499,0511]"
29971526,ERA5-N320,RUNNING,10:15:23,boost_usr_pr,64,1024,0,"lrdn[0186,0711,1159,1229,1233,1260,1418,1435,1468,1484,1498,1507,1560,1568,1585,1603,1617,1619,1633,1710,1717,1729,1732,1754,1777,1789,1859,1889,1904,1912,1919,1953,1977,1993,2004,2009,2030-2031,2053,2068,2084,2088,2096,2117,2123,2143,2178,2187,2196,2208,2218,2238,2256,2269,2293,2316,2339,2353,2368,2370,2377,2381,2459,2473]"
29939145,x4_scan,RUNNING,1:18:40,boost_usr_pr,4,64,200G,"lrdn[2194,2197-2198,2203]"
29960532,O96_ens_test,RUNNING,12:29:53,boost_usr_pr,4,128,0,"lrdn[2211,2314,2425,2528]"
29928392,o320_1e6_old_co,RUNNING,7:57:52,boost_usr_pr,4,128,494000M,"lrdn[0396,0512,1152,1241]"
29972744,jobscript-debug,RUNNING,9:52:54,boost_usr_pr,8,256,0,"lrdn[0138,0158,0177,0184,0215,0233,0246,0270]"
29890583,de330_r2,RUNNING,12:06:58,boost_usr_pr,32,512,0,"lrdn[0672,1575,1756,1758,1776,1788,1795,1805,1815,1837,1855,1888,1909,1933,1992,2025,2044,2057,2089,2107,2160,2239,2287,2319,2365,2394,2403,2412,2435,2441,2468,2496]"
29602651,samba-3b-train-,RUNNING,8:07:40,boost_usr_pr,32,1024,15400M,"lrdn[0229,0378,0497,0513,0526-0527,0544,0555,0581,0584,0595,0626,0636,0654,0660,0677,0682,0779,0804,0809,0913,0993,1006,1008,1033,1061,1063,1072,1127,1143,1173,1253]"
29926198,leonardo_jobscr,RUNNING,23:14:20,boost_usr_pr,4,128,0,"lrdn[3188,3232,3240,3257]"
29952583,charles_gpu,RUNNING,12:29:22,boost_usr_pr,2,8,0,"lrdn[2674,2705]"
29937828,M1.4000_M1.4000,RUNNING,12:06:27,boost_usr_pr,8,32,0,"lrdn[2423,2515,2523,2540,2837,2847,2875,2921]"
29937779,M1.2681_M1.4919,RUNNING,12:21:33,boost_usr_pr,8,32,0,"lrdn[2003,2588,2746,2802,2858,2930,2972,3284]"
29938938,M1.3800_M1.3800,RUNNING,12:27:17,boost_usr_pr,4,16,0,"lrdn[1931,1980,2609,3298]"
29884981,binaryNoSpin,RUNNING,1-05:21:28,boost_usr_pr,8,256,15400M,"lrdn[0083,0258,0369,0507,0529,0876,0958,3428]"
29994695,b880-10,RUNNING,12:11,boost_usr_pr,4,16,0,"lrdn[2475-2476,2481,2486]"
29995069,b880-7,RUNNING,7:37,boost_usr_pr,4,16,0,"lrdn[2462-2463,2467,2474]"
29995010,b880-19,RUNNING,9:08,boost_usr_pr,4,16,0,"lrdn[1695-1696,1705,1707]"
29995012,b880-21,RUNNING,9:08,boost_usr_pr,4,16,0,"lrdn[2303-2304,2306-2307]"
29994240,b880-4,RUNNING,22:52,boost_usr_pr,4,16,0,"lrdn[1142,1146-1148]"
29995355,b880-1,RUNNING,0:30,boost_usr_pr,4,16,0,"lrdn[1420,1427,1429-1430]"
29995291,b880-14,RUNNING,2:01,boost_usr_pr,4,16,0,lrdn[2627-2630]
29995212,b880-5,RUNNING,4:03,boost_usr_pr,4,16,0,"lrdn[1725-1726,1733,1737]"
29995188,b880-18,RUNNING,4:34,boost_usr_pr,4,16,0,"lrdn[1502,1505-1506,1513]"
29995165,b880-16,RUNNING,5:04,boost_usr_pr,4,16,0,"lrdn[2734,2737-2738,2743]"
29993970,b880-11,RUNNING,27:28,boost_usr_pr,4,16,0,"lrdn[0969,0972,0977-0978]"
29991257,b880-6,RUNNING,1:17:07,boost_usr_pr,4,16,0,"lrdn[1952,1954-1955,1957]"
29991204,b880-8,RUNNING,1:18:39,boost_usr_pr,4,16,0,"lrdn[2522,2524-2525,2533]"
29990595,b880-2,RUNNING,1:35:02,boost_usr_pr,4,16,0,"lrdn[1921,1923,1927,1934]"
29990445,b880-9,RUNNING,1:39:07,boost_usr_pr,4,16,0,"lrdn[0701,0707,0710,0720]"
29990446,b880-17,RUNNING,1:39:07,boost_usr_pr,4,16,0,"lrdn[1293,1295,1303-1304]"
29990447,b880-20,RUNNING,1:39:07,boost_usr_pr,4,16,0,"lrdn[1772,1774,1778,1783]"
29990367,b880-12,RUNNING,1:41:10,boost_usr_pr,4,16,0,"lrdn[0340,0342,0349,0360]"
29990336,b880-15,RUNNING,1:42:11,boost_usr_pr,4,16,0,"lrdn[0531-0533,0536]"
29990313,b880-13,RUNNING,1:42:42,boost_usr_pr,4,16,0,"lrdn[0309,0311,0317,0329]"
29980528,cda48w,RUNNING,6:09:03,boost_usr_pr,34,1062,15400M,"lrdn[0004,0018,0021,0038,0047,0053,0077,0084,0096,0107,0115,0121,0135,0155,0170,0192,0217,0221,0241,0262,0269,0294,0300,0310,0352,0385,0390,0404,0410,0417,0438,0455,0470,0481]"
29946608,M1.4000_M1.4000,RUNNING,12:01:13,boost_usr_pr,4,16,0,"lrdn[1631,1646,1657,1675]"
29993967_1,l16t8,RUNNING,13:12,boost_usr_pr,1,4,62.50G,lrdn0992
29993967_2,l16t8,RUNNING,13:12,boost_usr_pr,1,4,62.50G,lrdn2736
29993967_3,l16t8,RUNNING,13:12,boost_usr_pr,1,4,62.50G,lrdn3301
29994637_1,l16t8,RUNNING,5:04,boost_usr_pr,1,4,62.50G,lrdn1845
29994637_2,l16t8,RUNNING,5:04,boost_usr_pr,1,4,62.50G,lrdn1845
29994637_3,l16t8,RUNNING,5:04,boost_usr_pr,1,4,62.50G,lrdn1845
29994637_4,l16t8,RUNNING,5:04,boost_usr_pr,1,4,62.50G,lrdn3190
29994637_5,l16t8,RUNNING,5:04,boost_usr_pr,1,4,62.50G,lrdn3190
29994637_8,l16t8,RUNNING,5:04,boost_usr_pr,1,4,62.50G,lrdn3212
29994560_1,l16t8,RUNNING,6:36,boost_usr_pr,1,4,62.50G,lrdn2733
29994560_2,l16t8,RUNNING,6:36,boost_usr_pr,1,4,62.50G,lrdn2733
29994560_3,l16t8,RUNNING,6:36,boost_usr_pr,1,4,62.50G,lrdn2733
29994560_4,l16t8,RUNNING,6:36,boost_usr_pr,1,4,62.50G,lrdn0992
29994560_5,l16t8,RUNNING,6:36,boost_usr_pr,1,4,62.50G,lrdn0992
29994238_1,l16t8,RUNNING,9:08,boost_usr_pr,1,4,62.50G,lrdn1392
29994238_2,l16t8,RUNNING,9:08,boost_usr_pr,1,4,62.50G,lrdn2985
29994238_3,l16t8,RUNNING,9:08,boost_usr_pr,1,4,62.50G,lrdn3046
29994238_4,l16t8,RUNNING,9:08,boost_usr_pr,1,4,62.50G,lrdn3046
29994238_5,l16t8,RUNNING,9:08,boost_usr_pr,1,4,62.50G,lrdn3046
27408594_2,TESTAZZO_run1,RUNNING,2:01,boost_usr_pr,1,16,250G,lrdn2663
29994468_1,l16t8,RUNNING,2:01,boost_usr_pr,1,4,62.50G,lrdn1392
29994975_1,l16t8,RUNNING,2:01,boost_usr_pr,1,4,62.50G,lrdn2985
29994468_2,l16t8,RUNNING,2:01,boost_usr_pr,1,4,62.50G,lrdn1392
29994468_3,l16t8,RUNNING,2:01,boost_usr_pr,1,4,62.50G,lrdn2169
29994468_4,l16t8,RUNNING,2:01,boost_usr_pr,1,4,62.50G,lrdn2169
29994468_5,l16t8,RUNNING,2:01,boost_usr_pr,1,4,62.50G,lrdn2985
29994975_2,l16t8,RUNNING,2:01,boost_usr_pr,1,4,62.50G,lrdn3046
29994975_3,l16t8,RUNNING,2:01,boost_usr_pr,1,4,62.50G,lrdn3100
29994975_4,l16t8,RUNNING,2:01,boost_usr_pr,1,4,62.50G,lrdn3100
29994975_5,l16t8,RUNNING,2:01,boost_usr_pr,1,4,62.50G,lrdn3100
29994975_6,l16t8,RUNNING,2:01,boost_usr_pr,1,4,62.50G,lrdn3100
29994975_7,l16t8,RUNNING,2:01,boost_usr_pr,1,4,62.50G,lrdn3301
29994975_8,l16t8,RUNNING,2:01,boost_usr_pr,1,4,62.50G,lrdn3362
29994975_9,l16t8,RUNNING,2:01,boost_usr_pr,1,4,62.50G,lrdn3362
29932480,T2000_FROZEN_2,RUNNING,11:58:36,boost_usr_pr,16,512,15400M,"lrdn[0225,0230,0252,0266,0271,0279,0286,0301,0312,0316,0331,0374,0379,0384,0397,0413]"
29914189,5sp_res,RUNNING,8:22:39,boost_usr_pr,8,256,15400M,"lrdn[2079,2083,2092,2106,2147,2165,2232,2235]"
29995318,calib1,RUNNING,1:30,boost_usr_pr,1,8,15400M,lrdn2193
29995319,calib2,RUNNING,1:30,boost_usr_pr,1,8,15400M,lrdn2193
29995320,calib3,RUNNING,1:30,boost_usr_pr,1,8,15400M,lrdn3046
29970062,S_1.28_S,RUNNING,8:19:33,boost_usr_pr,8,32,0,"lrdn[0213,0336,2008,2067,2295,2912,2964,3344]"
29970060,S_1.26_S,RUNNING,8:20:04,boost_usr_pr,8,32,0,"lrdn[0320,0328,0614,1961,1998,2018,2035,2051]"
29869272,icaro_snr75_emc,RUNNING,2-10:21:56,boost_usr_pr,1,1,180G,lrdn3424
29869270,icaro_snr60_emc,RUNNING,2-10:22:31,boost_usr_pr,1,1,180G,lrdn3446
29956994,ELM_Mass_Shell_,RUNNING,7:30:30,boost_usr_pr,64,2048,15400M,"lrdn[0153,0194,0201,0422,0437,0445,0458,0462,0485,0509,0568,0852-0853,0902,0939,1010,1012,1110,1129,1249,1257,1287,1437,1454,1456,1475,1490,1516,1592,1667,1687,1700,1702,1743,2021,2041,2069,2077,2086,2260,2310,2328,2337,2437,2502,2584,2611,2622,2634,2655,2689,2750,2755,2768,2827,2878,2934,2969,2973,2999,3014,3259,3363,3383]"
29949587,recap,RUNNING,8:43:27,boost_usr_pr,1,16,64G,lrdn3443
29933594,sb_vafin3,RUNNING,11:58:36,boost_usr_pr,1,32,400G,lrdn1305
29933596,sb_vafin4,RUNNING,11:58:36,boost_usr_pr,1,32,400G,lrdn1300
29942590,MHT_INIT,RUNNING,7:51:10,boost_usr_pr,8,256,15400M,"lrdn[2574,2659,2795,2815,2885,2968,3021,3048]"
29574044,ym4d,RUNNING,11:58:36,boost_usr_pr,1,1,0,lrdn3355
29574159,ym4d,RUNNING,11:58:36,boost_usr_pr,1,1,0,lrdn3342
29971930,job.sh,RUNNING,8:19:02,boost_usr_pr,1,4,20000M,lrdn2136
29971931,job.sh,RUNNING,8:19:02,boost_usr_pr,1,4,20000M,lrdn2140
29971932,job.sh,RUNNING,8:19:02,boost_usr_pr,1,4,20000M,lrdn2230
29942627,TPS_REAL,RUNNING,8:12:49,boost_usr_pr,4,128,15400M,"lrdn[1907,2850,2877,2966]"
29936161,sb_ipot6_fin2,RUNNING,11:58:36,boost_usr_pr,1,32,400G,lrdn1330
29971929,job.sh,RUNNING,8:31:28,boost_usr_pr,1,4,20000M,lrdn3177
29971928,job.sh,RUNNING,8:35:38,boost_usr_pr,1,4,20000M,lrdn3258
29944038,ym4d,RUNNING,8:10:15,boost_usr_pr,1,1,0,lrdn3076
29944031,ym4d,RUNNING,8:14:54,boost_usr_pr,1,1,0,lrdn2073
29944024,ym4d,RUNNING,8:18:30,boost_usr_pr,1,1,0,lrdn2112
29944018,ym4d,RUNNING,8:19:01,boost_usr_pr,1,1,0,lrdn2342
28243205_1,new_LCP_L32,RUNNING,18:35:45,boost_usr_pr,1,16,250G,lrdn3158
29967519,phase1,RUNNING,11:58:36,boost_usr_pr,1,32,15400M,lrdn0669
29971927,job.sh,RUNNING,9:00:17,boost_usr_pr,1,4,20000M,lrdn2778
29972014,job.sh,RUNNING,9:01:20,boost_usr_pr,1,2,20000M,lrdn2378
29938935,lunet,RUNNING,11:58:36,boost_usr_pr,1,16,64G,lrdn0694
29932455,SBLI_10,RUNNING,11:58:36,boost_usr_pr,40,1280,15400M,"lrdn[0738,0763,0768,0797,0801,0845,0856-0857,0914,0920-0921,0941,0943,0951,0970,0974-0975,0998,1016,1028,1040,1053,1079,1107,1117,1122,1126,1144,1158,1161,1177,1196,1199,1202,1211,1215,1231,1247,1255,1263]"
29927920,M70R1203D,RUNNING,11:58:36,boost_usr_pr,12,384,15400M,"lrdn[1278,1285,1297,1301,1316,1326,1331,1343,1362,1364,1375,1388]"
29928003,M90R1203D,RUNNING,11:58:36,boost_usr_pr,12,384,15400M,"lrdn[1400,1402,1412,1434,1439,1455,1459,1478,1481,1495,1503,1521]"
27408597_2,TESTAZZO_run2,RUNNING,19:05:56,boost_usr_pr,1,16,250G,lrdn3416
29995250,ana_lunga,RUNNING,3:02,boost_usr_pr,1,16,15400M,lrdn1186
29927607,24IL0,RUNNING,18:13:24,boost_usr_pr,2,32,480000M,"lrdn[2668,2677]"
29927653,66IL0,RUNNING,18:13:24,boost_usr_pr,1,16,480000M,lrdn2686
27408604_2,TESTAZZO_run4,RUNNING,19:20:16,boost_usr_pr,1,16,250G,lrdn3313
28868945_1,new_LCP_L32,RUNNING,19:20:16,boost_usr_pr,1,16,250G,lrdn3392
29951575,MHT_ACC,RUNNING,7:43:25,boost_usr_pr,4,128,15400M,"lrdn[3275,3290,3325,3337]"
29951339,UP,RUNNING,7:47:33,boost_usr_pr,4,128,15400M,"lrdn[2576,3154,3271,3340]"
29878254,md8,RUNNING,37:11,boost_usr_pr,1,16,15400M,lrdn1001
29951246,TPS,RUNNING,7:52:43,boost_usr_pr,4,128,15400M,"lrdn[3106,3124,3148,3204]"
29951305,SCHULEIN,RUNNING,7:51:10,boost_usr_pr,4,128,15400M,"lrdn[3266,3281,3292,3345]"
29967575,M1.2865_M1.5135,RUNNING,11:29:30,boost_usr_pr,4,16,0,"lrdn[2285,2456,2573,3104]"
29972013,job.sh,RUNNING,9:57:03,boost_usr_pr,1,2,20000M,lrdn1555
29934355,chimera_snr60_e,RUNNING,21:20:37,boost_usr_pr,1,1,180G,lrdn0256
29933890,chimera_snr75_e,RUNNING,21:32:11,boost_usr_pr,1,1,180G,lrdn3400
29972012,job.sh,RUNNING,10:01:44,boost_usr_pr,1,2,20000M,lrdn3442
29972010,job.sh,RUNNING,10:02:46,boost_usr_pr,1,2,20000M,lrdn3367
29972011,job.sh,RUNNING,10:02:46,boost_usr_pr,1,2,20000M,lrdn3382
29972008,job.sh,RUNNING,10:03:18,boost_usr_pr,1,2,20000M,lrdn3341
29972009,job.sh,RUNNING,10:03:18,boost_usr_pr,1,2,20000M,lrdn3368
29956995,MJ1.5,RUNNING,7:29:59,boost_usr_pr,16,512,15400M,"lrdn[2176,2220,2261,2444,2593,2601,2617,2691,2794,2854,2860,2931,2963,2976,3112,3239]"
29972007,job.sh,RUNNING,10:13:44,boost_usr_pr,1,2,20000M,lrdn0787
29972006,job.sh,RUNNING,10:14:48,boost_usr_pr,1,2,20000M,lrdn1851
29967559,M1.2681_M1.4919,RUNNING,11:58:03,boost_usr_pr,4,16,0,"lrdn[3255,3279,3286,3305]"
29972005,job.sh,RUNNING,10:15:53,boost_usr_pr,1,2,20000M,lrdn1852
29972004,job.sh,RUNNING,10:18:13,boost_usr_pr,1,2,20000M,lrdn3382
29994306,ax_2n,RUNNING,20:50,boost_usr_pr,8,256,15400M,"lrdn[0407,0418,0428,0439,0444,0460,0500,0525]"
29972003,job.sh,RUNNING,10:20:27,boost_usr_pr,1,2,20000M,lrdn0436
29972002,job.sh,RUNNING,10:24:15,boost_usr_pr,1,2,20000M,lrdn3418
29878202,md8,RUNNING,5:51:49,boost_usr_pr,1,16,15400M,lrdn1125
29971926,job.sh,RUNNING,10:27:28,boost_usr_pr,1,4,20000M,lrdn2701
29972124,job_double.sh,RUNNING,10:25:52,boost_usr_pr,1,1,10000M,lrdn3409
29971991,job.sh,RUNNING,10:28:31,boost_usr_pr,1,2,20000M,lrdn2352
29971993,job.sh,RUNNING,10:28:31,boost_usr_pr,1,2,20000M,lrdn2597
29971995,job.sh,RUNNING,10:28:31,boost_usr_pr,1,2,20000M,lrdn3341
29971997,job.sh,RUNNING,10:28:31,boost_usr_pr,1,2,20000M,lrdn3367
29971974,job.sh,RUNNING,10:29:02,boost_usr_pr,1,2,20000M,lrdn0675
29971975,job.sh,RUNNING,10:29:02,boost_usr_pr,1,2,20000M,lrdn0792
29971976,job.sh,RUNNING,10:29:02,boost_usr_pr,1,2,20000M,lrdn1398
29971977,job.sh,RUNNING,10:29:02,boost_usr_pr,1,2,20000M,lrdn1526
29971978,job.sh,RUNNING,10:29:02,boost_usr_pr,1,2,20000M,lrdn1650
29971979,job.sh,RUNNING,10:29:02,boost_usr_pr,1,2,20000M,lrdn1853
29971980,job.sh,RUNNING,10:29:02,boost_usr_pr,1,2,20000M,lrdn1989
29971981,job.sh,RUNNING,10:29:02,boost_usr_pr,1,2,20000M,lrdn2191
29971795,job.sh,RUNNING,10:32:23,boost_usr_pr,1,1,20000M,lrdn3439
29971796,job.sh,RUNNING,10:32:23,boost_usr_pr,1,1,20000M,lrdn2986
29971797,job.sh,RUNNING,10:32:23,boost_usr_pr,1,1,20000M,lrdn2825
29971798,job.sh,RUNNING,10:32:23,boost_usr_pr,1,1,20000M,lrdn2825
29971799,job.sh,RUNNING,10:32:23,boost_usr_pr,1,1,20000M,lrdn2806
29971800,job.sh,RUNNING,10:32:23,boost_usr_pr,1,1,20000M,lrdn2804
29971801,job.sh,RUNNING,10:32:23,boost_usr_pr,1,1,20000M,lrdn2804
29971802,job.sh,RUNNING,10:32:23,boost_usr_pr,1,1,20000M,lrdn2804
29971803,job.sh,RUNNING,10:32:23,boost_usr_pr,1,1,20000M,lrdn2773
29971804,job.sh,RUNNING,10:32:23,boost_usr_pr,1,1,20000M,lrdn2773
29971774,job.sh,RUNNING,10:33:29,boost_usr_pr,1,1,20000M,lrdn3391
29971775,job.sh,RUNNING,10:33:29,boost_usr_pr,1,1,20000M,lrdn3377
29971776,job.sh,RUNNING,10:33:29,boost_usr_pr,1,1,20000M,lrdn3372
29971778,job.sh,RUNNING,10:33:29,boost_usr_pr,1,1,20000M,lrdn3360
29971779,job.sh,RUNNING,10:33:29,boost_usr_pr,1,1,20000M,lrdn3319
29971780,job.sh,RUNNING,10:33:29,boost_usr_pr,1,1,20000M,lrdn3303
29971781,job.sh,RUNNING,10:33:29,boost_usr_pr,1,1,20000M,lrdn3244
29971782,job.sh,RUNNING,10:33:29,boost_usr_pr,1,1,20000M,lrdn3244
29971783,job.sh,RUNNING,10:33:29,boost_usr_pr,1,1,20000M,lrdn3219
29971784,job.sh,RUNNING,10:33:29,boost_usr_pr,1,1,20000M,lrdn3151
29971785,job.sh,RUNNING,10:33:29,boost_usr_pr,1,1,20000M,lrdn3151
29971786,job.sh,RUNNING,10:33:29,boost_usr_pr,1,1,20000M,lrdn3151
29971787,job.sh,RUNNING,10:33:29,boost_usr_pr,1,1,20000M,lrdn3143
29971788,job.sh,RUNNING,10:33:29,boost_usr_pr,1,1,20000M,lrdn3001
29971789,job.sh,RUNNING,10:33:29,boost_usr_pr,1,1,20000M,lrdn2986
29971791,job.sh,RUNNING,10:33:29,boost_usr_pr,1,1,20000M,lrdn2986
29971792,job.sh,RUNNING,10:33:29,boost_usr_pr,1,1,20000M,lrdn2983
29971793,job.sh,RUNNING,10:33:29,boost_usr_pr,1,1,20000M,lrdn2896
29971794,job.sh,RUNNING,10:33:29,boost_usr_pr,1,1,20000M,lrdn2896
29937474,md6_288k,RUNNING,8:59:13,boost_usr_pr,1,16,15400M,lrdn3398
29993142,25k_40.0,RUNNING,49:28,boost_usr_pr,4,16,480000M,"lrdn[2829-2830,2832,2840]"
29972411,GPGenCert_HCROS,RUNNING,10:18:13,boost_usr_pr,1,4,15400M,lrdn0613
29972382,GenCert_HCROSS_,RUNNING,10:18:47,boost_usr_pr,1,4,15400M,lrdn1853
29873033_2,eknse8k40,RUNNING,1:01:13,boost_usr_pr,1,1,16000M,lrdn3429
29873038_2,eknse8k40,RUNNING,1:01:44,boost_usr_pr,1,1,16000M,lrdn3429
29873032_2,eknse8k30,RUNNING,1:01:44,boost_usr_pr,1,1,16000M,lrdn3429
29873039_2,eknse8k40,RUNNING,1:02:16,boost_usr_pr,1,1,16000M,lrdn3436
29873040_2,eknse8k40,RUNNING,1:02:16,boost_usr_pr,1,1,16000M,lrdn3436
29873041_2,eknse8k40,RUNNING,1:02:16,boost_usr_pr,1,1,16000M,lrdn3433
29873037_2,eknse8k40,RUNNING,1:03:17,boost_usr_pr,1,1,16000M,lrdn3436
29873029_2,eknse8k30,RUNNING,1:04:19,boost_usr_pr,1,1,16000M,lrdn3445
29873034_2,eknse8k40,RUNNING,1:04:19,boost_usr_pr,1,1,16000M,lrdn3445
29873030_2,eknse8k30,RUNNING,1:04:49,boost_usr_pr,1,1,16000M,lrdn3449
29873031_2,eknse8k30,RUNNING,1:05:20,boost_usr_pr,1,1,16000M,lrdn3442
29873027_2,eknse8k30,RUNNING,1:05:20,boost_usr_pr,1,1,16000M,lrdn3445
29873028_2,eknse8k30,RUNNING,1:05:51,boost_usr_pr,1,1,16000M,lrdn3447
29873026_2,eknse8k30,RUNNING,1:05:51,boost_usr_pr,1,1,16000M,lrdn3447
29873025_2,eknse8k30,RUNNING,1:06:52,boost_usr_pr,1,1,16000M,lrdn3456
29873022_2,eknse8k25,RUNNING,1:09:26,boost_usr_pr,1,1,16000M,lrdn3448
29873023_2,eknse8k25,RUNNING,1:09:26,boost_usr_pr,1,1,16000M,lrdn3448
29873024_2,eknse8k25,RUNNING,1:10:28,boost_usr_pr,1,1,16000M,lrdn3448
29873021_2,eknse8k25,RUNNING,1:10:58,boost_usr_pr,1,1,16000M,lrdn3449
29873017_2,eknse8k25,RUNNING,1:12:00,boost_usr_pr,1,1,16000M,lrdn3451
29873018_2,eknse8k25,RUNNING,1:12:00,boost_usr_pr,1,1,16000M,lrdn3451
29873019_2,eknse8k25,RUNNING,1:12:00,boost_usr_pr,1,1,16000M,lrdn3451
29976751,compare_sampler,RUNNING,7:47:02,boost_usr_pr,1,4,15400M,lrdn0170
29974167,run_SPA_50MeV_t,RUNNING,7:25:20,boost_usr_pr,2,64,494000M,"lrdn[2843,2862]"
28037422_1,new_LCP_L32,RUNNING,23:21:36,boost_usr_pr,1,16,250G,lrdn2960
29974916,run_SPA_10MeV_t,RUNNING,7:25:20,boost_usr_pr,2,64,494000M,"lrdn[2940,3387]"
29406575,C8R,RUNNING,1-22:51:58,boost_usr_pr,8,256,15400M,"lrdn[2280,2298,2311,2335,2341,2356,2359,2461]"
29925674,sIL0,RUNNING,23:27:19,boost_usr_pr,1,16,480000M,lrdn3253
29975941,lvivit,RUNNING,7:24:49,boost_usr_pr,1,16,64G,lrdn1048
29967947,m2_case_78,RUNNING,7:05:57,boost_usr_pr,1,32,15400M,lrdn1842
29967948,m2_case_79,RUNNING,7:05:57,boost_usr_pr,1,32,15400M,lrdn1875
29967922,m2_case_54,RUNNING,7:07:14,boost_usr_pr,1,32,15400M,lrdn0967
29967923,m2_case_55,RUNNING,7:07:14,boost_usr_pr,1,32,15400M,lrdn1422
29967924,m2_case_56,RUNNING,7:07:14,boost_usr_pr,1,32,15400M,lrdn1453
29967930,m2_case_61,RUNNING,7:07:14,boost_usr_pr,1,32,15400M,lrdn1867
29967934,m2_case_65,RUNNING,7:07:14,boost_usr_pr,1,32,15400M,lrdn2246
29967920,m2_case_52,RUNNING,7:07:45,boost_usr_pr,1,32,15400M,lrdn1986
29967953,m2_case_84,RUNNING,7:03:23,boost_usr_pr,1,32,15400M,lrdn0869
29967952,m2_case_83,RUNNING,7:04:56,boost_usr_pr,1,32,15400M,lrdn0106
29967915,m2_case_47,RUNNING,7:11:22,boost_usr_pr,1,32,15400M,lrdn1690
29967907,m2_case_39,RUNNING,7:11:53,boost_usr_pr,1,32,15400M,lrdn1895
29967897,m2_case_30,RUNNING,7:12:24,boost_usr_pr,1,32,15400M,lrdn1188
29967901,m2_case_34,RUNNING,7:12:24,boost_usr_pr,1,32,15400M,lrdn3057
29967889,m2_case_23,RUNNING,7:13:26,boost_usr_pr,1,32,15400M,lrdn1368
29967805,m175_case_75,RUNNING,7:17:03,boost_usr_pr,1,32,15400M,lrdn1055
29967808,m175_case_77,RUNNING,7:17:03,boost_usr_pr,1,32,15400M,lrdn1727
29967814,m175_case_82,RUNNING,7:17:03,boost_usr_pr,1,32,15400M,lrdn2845
29967816,m175_case_84,RUNNING,7:17:03,boost_usr_pr,1,32,15400M,lrdn2880
29967804,m175_case_74,RUNNING,7:17:34,boost_usr_pr,1,32,15400M,lrdn2613
29967799,m175_case_69,RUNNING,7:18:05,boost_usr_pr,1,32,15400M,lrdn2814
29967796,m175_case_66,RUNNING,7:18:36,boost_usr_pr,1,32,15400M,lrdn1050
29967788,m175_case_58,RUNNING,7:19:07,boost_usr_pr,1,32,15400M,lrdn0319
29967789,m175_case_59,RUNNING,7:19:07,boost_usr_pr,1,32,15400M,lrdn0337
29967794,m175_case_64,RUNNING,7:19:07,boost_usr_pr,1,32,15400M,lrdn2200
29967881,m2_case_17,RUNNING,7:15:30,boost_usr_pr,1,32,15400M,lrdn2836
29967783,m175_case_53,RUNNING,7:20:10,boost_usr_pr,1,32,15400M,lrdn0709
29967771,m175_case_42,RUNNING,7:20:41,boost_usr_pr,1,32,15400M,lrdn0015
29967774,m175_case_45,RUNNING,7:20:41,boost_usr_pr,1,32,15400M,lrdn1606
29967781,m175_case_51,RUNNING,7:20:41,boost_usr_pr,1,32,15400M,lrdn2984
29967765,m175_case_36,RUNNING,7:21:12,boost_usr_pr,1,32,15400M,lrdn1800
29967769,m175_case_40,RUNNING,7:21:12,boost_usr_pr,1,32,15400M,lrdn2800
29967770,m175_case_41,RUNNING,7:21:12,boost_usr_pr,1,32,15400M,lrdn2944
29967720,m175_case_13,RUNNING,7:22:14,boost_usr_pr,1,32,15400M,lrdn1831
29967718,m175_case_11,RUNNING,7:22:45,boost_usr_pr,1,32,15400M,lrdn1527
29967712,m175_case_5,RUNNING,7:23:47,boost_usr_pr,1,32,15400M,lrdn1413
29967713,m175_case_6,RUNNING,7:23:47,boost_usr_pr,1,32,15400M,lrdn1715
29967710,m175_case_3,RUNNING,7:24:49,boost_usr_pr,1,32,15400M,lrdn3434
29937728,md5_310k,RUNNING,20:13:09,boost_usr_pr,1,16,15400M,lrdn1650
29933466,run_MD,RUNNING,21:39:29,boost_usr_pr,1,8,50G,lrdn0882
29933478,run_MD,RUNNING,21:39:29,boost_usr_pr,1,8,50G,lrdn1004
29933483,run_MD,RUNNING,21:39:29,boost_usr_pr,1,8,50G,lrdn1004
29933484,run_MD,RUNNING,21:39:29,boost_usr_pr,1,8,50G,lrdn1004
29933485,run_MD,RUNNING,21:39:29,boost_usr_pr,1,8,50G,lrdn1267
29933486,run_MD,RUNNING,21:39:29,boost_usr_pr,1,8,50G,lrdn1267
29933463,run_MD,RUNNING,21:40:03,boost_usr_pr,1,8,50G,lrdn0491
29874842,ym4d,RUNNING,9:08,boost_usr_pr,1,1,0,lrdn3379
29874849,ym4d,RUNNING,35:08,boost_usr_pr,1,1,0,lrdn3395
29982594,vertex-slot-v2,RUNNING,5:11:45,boost_usr_pr,1,32,15400M,lrdn1193
29574054,ym4d,RUNNING,3:57:07,boost_usr_pr,1,1,0,lrdn3454
29574180,ym4d,RUNNING,4:06:16,boost_usr_pr,1,1,0,lrdn3435
29574173,ym4d,RUNNING,4:07:47,boost_usr_pr,1,1,0,lrdn3437
29574167,ym4d,RUNNING,4:08:48,boost_usr_pr,1,1,0,lrdn3450
29874809,ym4d,RUNNING,4:20:59,boost_usr_pr,1,1,0,lrdn3403
29874819,ym4d,RUNNING,4:21:30,boost_usr_pr,1,1,0,lrdn3408
29874825,ym4d,RUNNING,4:24:02,boost_usr_pr,1,1,0,lrdn3426
29874833,ym4d,RUNNING,4:26:34,boost_usr_pr,1,1,0,lrdn3432
29994743,IGN2,RUNNING,11:10,boost_usr_pr,32,1024,15400M,"lrdn[0345,0405,0431,0468,0530,0554,0558,0565,0589,0591,0601,0611,0624,0634,0649,0665,0700,0734,0740,0770-0771,0790,0793,0806,0839,0842,0863,0870-0871,0880,0904,0916]"
29994496,Dth,RUNNING,15:45,boost_usr_pr,24,768,494000M,"lrdn[0341,0408,0429,0446,0461,0528,0552-0553,0556,0582,0586,0602,0610,0615,0633,0642,0661,0685,0693,0732-0733,0735,0760,0765]"
29926144,run27_par,RUNNING,23:18:29,boost_usr_pr,1,8,8000M,lrdn3441
29926148,run28_par,RUNNING,23:18:29,boost_usr_pr,1,8,8000M,lrdn3441
29926151,run29_par,RUNNING,23:18:29,boost_usr_pr,1,8,8000M,lrdn3441
29926152,run30_par,RUNNING,23:18:29,boost_usr_pr,1,8,8000M,lrdn3370
29926129,run22_par,RUNNING,23:19:00,boost_usr_pr,1,8,8000M,lrdn3439
29926130,run23_par,RUNNING,23:19:00,boost_usr_pr,1,8,8000M,lrdn3440
29926131,run24_par,RUNNING,23:19:00,boost_usr_pr,1,8,8000M,lrdn3440
29926132,run25_par,RUNNING,23:19:00,boost_usr_pr,1,8,8000M,lrdn3369
29926134,run26_par,RUNNING,23:19:00,boost_usr_pr,1,8,8000M,lrdn3369
29993991_9,Chi_B,RUNNING,24:54,boost_usr_pr,4,128,494000M,"lrdn[0120,0128,0139,0143]"
29993991_1,Chi_B,RUNNING,24:54,boost_usr_pr,4,128,494000M,"lrdn[0382,0399,0414,0427]"
29993991_7,Chi_B,RUNNING,25:24,boost_usr_pr,4,128,494000M,"lrdn[2582-2583,2586,2594]"
29993991_8,Chi_B,RUNNING,25:24,boost_usr_pr,4,128,494000M,"lrdn[3153,3156-3157,3163]"
29993991_5,Chi_B,RUNNING,25:55,boost_usr_pr,4,128,494000M,"lrdn[2612,2615-2616,2623]"
29993991_6,Chi_B,RUNNING,25:55,boost_usr_pr,4,128,494000M,"lrdn[2740,2747,2749,2760]"
29993991_3,Chi_B,RUNNING,26:26,boost_usr_pr,4,128,494000M,"lrdn[1023,1025-1026,1034]"
29993991_4,Chi_B,RUNNING,26:26,boost_usr_pr,4,128,494000M,"lrdn[1823-1825,1827]"
29993991_2,Chi_B,RUNNING,26:56,boost_usr_pr,4,128,494000M,"lrdn[0744-0745,0747-0748]"
29993969_1,Chi_B,RUNNING,27:27,boost_usr_pr,4,128,494000M,"lrdn[1035,1042-1044]"
29993969_2,Chi_B,RUNNING,27:27,boost_usr_pr,4,128,494000M,"lrdn[1051-1052,1054,1058]"
29993969_3,Chi_B,RUNNING,27:27,boost_usr_pr,4,128,494000M,"lrdn[1081,1083-1085]"
29993969_4,Chi_B,RUNNING,27:27,boost_usr_pr,4,128,494000M,"lrdn[2770-2772,2789]"
29993969_5,Chi_B,RUNNING,27:27,boost_usr_pr,4,128,494000M,"lrdn[2799,2801,2809-2810]"
29993969_6,Chi_B,RUNNING,27:27,boost_usr_pr,4,128,494000M,"lrdn[2866,2871-2873]"
29993969_7,Chi_B,RUNNING,27:27,boost_usr_pr,4,128,494000M,"lrdn[2979,2981-2982,2990]"
29993969_8,Chi_B,RUNNING,27:27,boost_usr_pr,4,128,494000M,"lrdn[3011-3012,3020,3029]"
29993969_9,Chi_B,RUNNING,27:27,boost_usr_pr,4,128,494000M,"lrdn[3131,3137,3139,3149]"
29925116,lvivit,RUNNING,23:40:05,boost_usr_pr,1,16,64G,lrdn2684
29951604,mF_310,RUNNING,7:17:03,boost_usr_pr,1,32,15400M,lrdn3040
29940100,L-SHEEP,RUNNING,7:17:03,boost_usr_pr,1,32,15400M,lrdn3115
29940150,L-SHEEP,RUNNING,7:17:03,boost_usr_pr,1,32,15400M,lrdn3343
29941219,L-SHEEP,RUNNING,7:17:03,boost_usr_pr,1,32,15400M,lrdn3339
29113147,zOxs12,RUNNING,7:07:14,boost_usr_pr,6,192,400000M,"lrdn[2742,2761,2793,2816,2819,2826]"
29878633_1,leo_crit04_l26t,RUNNING,7:12:24,boost_usr_pr,1,4,15400M,lrdn3422
29878634_1,leo_crit04_l26t,RUNNING,7:07:14,boost_usr_pr,1,4,15400M,lrdn2898
29878635_1,leo_crit04_l26t,RUNNING,7:07:14,boost_usr_pr,1,4,15400M,lrdn2961
29878632_1,leo_crit04_l26t,RUNNING,7:49:05,boost_usr_pr,1,4,15400M,lrdn0327
29995213,1test2pull_mix,RUNNING,4:03,boost_usr_pr,1,32,15400M,lrdn2409
29995189,1pull_mix,RUNNING,4:33,boost_usr_pr,1,32,15400M,lrdn1581
29890720,zOxs7,RUNNING,7:03:23,boost_usr_pr,6,192,400000M,"lrdn[2945,2994,3002,3036,3127,3145]"
29878631_1,leo_crit04_l26t,RUNNING,19:39:32,boost_usr_pr,1,4,15400M,lrdn1810
29987300,s0,RUNNING,3:03:44,boost_usr_pr,2,64,480000M,"lrdn[2941,2948]"
29987301,s1,RUNNING,3:03:44,boost_usr_pr,2,64,480000M,"lrdn[3265,3267]"
29987302,s2,RUNNING,3:03:44,boost_usr_pr,2,64,480000M,"lrdn[0796,0805]"
29987303,s3,RUNNING,3:03:44,boost_usr_pr,2,64,480000M,"lrdn[0893,0897]"
29987304,s4,RUNNING,3:03:44,boost_usr_pr,2,64,480000M,lrdn[0954-0955]
29987305,s5,RUNNING,3:03:44,boost_usr_pr,2,64,480000M,"lrdn[0962,0964]"
29987306,s6,RUNNING,3:03:44,boost_usr_pr,2,64,480000M,"lrdn[1011,1017]"
29987307,s7,RUNNING,3:03:44,boost_usr_pr,2,64,480000M,"lrdn[1098,1100]"
29987308,s8,RUNNING,3:03:44,boost_usr_pr,2,64,480000M,"lrdn[1114,1123]"
29987309,s9,RUNNING,3:03:44,boost_usr_pr,2,64,480000M,"lrdn[1131,1135]"
29987310,s10,RUNNING,3:03:44,boost_usr_pr,2,64,480000M,lrdn[1163-1164]
29987311,s11,RUNNING,3:03:44,boost_usr_pr,2,64,480000M,lrdn[1223-1224]
29987265,s9,RUNNING,3:04:45,boost_usr_pr,2,64,480000M,"lrdn[0731,0739]"
29987266,s10,RUNNING,3:04:45,boost_usr_pr,2,64,480000M,"lrdn[0775,0778]"
29987267,s11,RUNNING,3:04:45,boost_usr_pr,2,64,480000M,lrdn[0814-0815]
29987238,s1,RUNNING,3:05:15,boost_usr_pr,2,64,480000M,"lrdn[0578,0583]"
29987239,s2,RUNNING,3:05:15,boost_usr_pr,2,64,480000M,"lrdn[0585,0592]"
29987240,s3,RUNNING,3:05:15,boost_usr_pr,2,64,480000M,lrdn[0599-0600]
29987241,s4,RUNNING,3:05:15,boost_usr_pr,2,64,480000M,lrdn[0603-0604]
29987242,s5,RUNNING,3:05:15,boost_usr_pr,2,64,480000M,"lrdn[0637,0643]"
29987243,s6,RUNNING,3:05:15,boost_usr_pr,2,64,480000M,"lrdn[0640,0659]"
29987244,s7,RUNNING,3:05:15,boost_usr_pr,2,64,480000M,"lrdn[0664,0667]"
29987245,s8,RUNNING,3:05:15,boost_usr_pr,2,64,480000M,lrdn[0716-0717]
29890745,ZL2_7,RUNNING,6:08:32,boost_usr_pr,4,128,400000M,"lrdn[0049,0108,0116,0157]"
29974648,interface,RUNNING,6:46:34,boost_usr_pr,2,64,360G,"lrdn[2726,3415]"
23256251,submit_job_4gpu,RESV_DEL,0:00,boost_usr_pr,1,1,15400M,
29995377,hostname,COMPLETI,0:03,dcgp_usr_pro,1,1,1G,lrdn4992
27547147,PROD,PENDING,0:00,dcgp_usr_pro,1,112,4400M,
27547146,PROD,PENDING,0:00,dcgp_usr_pro,1,112,4400M,
27547145,PROD,PENDING,0:00,dcgp_usr_pro,1,112,4400M,
27547143,PROD,PENDING,0:00,dcgp_usr_pro,1,112,4400M,
27547142,PROD,PENDING,0:00,dcgp_usr_pro,1,112,4400M,
27547141,PROD,PENDING,0:00,dcgp_usr_pro,1,112,4400M,
27547140,PROD,PENDING,0:00,dcgp_usr_pro,1,112,4400M,
27547139,PROD,PENDING,0:00,dcgp_usr_pro,1,112,4400M,
27547137,PROD,PENDING,0:00,dcgp_usr_pro,1,112,4400M,
27547136,PROD,PENDING,0:00,dcgp_usr_pro,1,112,4400M,
27547135,PROD,PENDING,0:00,dcgp_usr_pro,1,112,4400M,
27547134,PROD,PENDING,0:00,dcgp_usr_pro,1,112,4400M,
27547133,PROD,PENDING,0:00,dcgp_usr_pro,1,112,4400M,
29995316,IT_WRF_20251223,PENDING,0:00,dcgp_usr_pro,16,1728,4400M,
29995317,IT_UPP_20251223,PENDING,0:00,dcgp_usr_pro,1,108,4400M,
29885014_[,beam3D.sh,PENDING,0:00,dcgp_usr_pro,1,56,100G,
29885854_[,lowres3.sh,PENDING,0:00,dcgp_usr_pro,1,56,100G,
29886037_[,mi02.sh,PENDING,0:00,dcgp_usr_pro,1,56,100G,
29886181_[,p1e-3mbar.sh,PENDING,0:00,dcgp_usr_pro,1,56,100G,
29886235_[,p1e-4mbar.sh,PENDING,0:00,dcgp_usr_pro,1,56,100G,
29886114_[,mi01.sh,PENDING,0:00,dcgp_usr_pro,1,56,100G,
29885925_[,lowres4.sh,PENDING,0:00,dcgp_usr_pro,1,56,100G,
29956900,JBC6,PENDING,0:00,dcgp_usr_pro,14,1568,4400M,
29956899,JBC6,PENDING,0:00,dcgp_usr_pro,14,1568,4400M,
29956898,JBC6,PENDING,0:00,dcgp_usr_pro,14,1568,4400M,
29956897,JBC6,PENDING,0:00,dcgp_usr_pro,14,1568,4400M,
29956896,JBC6,PENDING,0:00,dcgp_usr_pro,14,1568,4400M,
29956894,JBC6,PENDING,0:00,dcgp_usr_pro,14,1568,4400M,
29956893,JBC6,PENDING,0:00,dcgp_usr_pro,14,1568,4400M,
29956891,JBC6,PENDING,0:00,dcgp_usr_pro,14,1568,4400M,
29956890,JBC6,PENDING,0:00,dcgp_usr_pro,14,1568,4400M,
29935185,JBC6_ref,PENDING,0:00,dcgp_usr_pro,14,1568,4400M,
29935184,JBC6_ref,PENDING,0:00,dcgp_usr_pro,14,1568,4400M,
29935183,JBC6_ref,PENDING,0:00,dcgp_usr_pro,14,1568,4400M,
29956841,JBC4,PENDING,0:00,dcgp_usr_pro,7,784,4400M,
29956840,JBC4,PENDING,0:00,dcgp_usr_pro,7,784,4400M,
29956839,JBC4,PENDING,0:00,dcgp_usr_pro,7,784,4400M,
29956838,JBC4,PENDING,0:00,dcgp_usr_pro,7,784,4400M,
29956837,JBC4,PENDING,0:00,dcgp_usr_pro,7,784,4400M,
29956836,JBC4,PENDING,0:00,dcgp_usr_pro,7,784,4400M,
29956835,JBC4,PENDING,0:00,dcgp_usr_pro,7,784,4400M,
29956834,JBC4,PENDING,0:00,dcgp_usr_pro,7,784,4400M,
29947499,JBC5,PENDING,0:00,dcgp_usr_pro,7,784,4400M,
29947498,JBC5,PENDING,0:00,dcgp_usr_pro,7,784,4400M,
29947497,JBC5,PENDING,0:00,dcgp_usr_pro,7,784,4400M,
29947496,JBC5,PENDING,0:00,dcgp_usr_pro,7,784,4400M,
29948214,JBC5m,PENDING,0:00,dcgp_usr_pro,6,672,4400M,
29948213,JBC5m,PENDING,0:00,dcgp_usr_pro,6,672,4400M,
29948212,JBC5m,PENDING,0:00,dcgp_usr_pro,6,672,4400M,
29994683,ctrl_AFR-12_MPI,PENDING,0:00,dcgp_usr_pro,1,112,4400M,
29992902,ctrl_AFR-12_Nor,PENDING,0:00,dcgp_usr_pro,1,112,4400M,
29990928,ctrl_AFR-12_ECE,PENDING,0:00,dcgp_usr_pro,1,112,4400M,
29934636,ctrl_AFR-12_201,PENDING,0:00,dcgp_usr_pro,1,112,4400M,
29981176,ctrl_NorESM-Eas,PENDING,0:00,dcgp_usr_pro,1,108,4400M,
29980143,ctrl_MPIESM-Eas,PENDING,0:00,dcgp_usr_pro,1,108,4400M,
29941151,ctrl_NoTo-South,PENDING,0:00,dcgp_usr_pro,1,108,4400M,
29935962,ctrl_NoTo-South,PENDING,0:00,dcgp_usr_pro,1,108,4400M,
29940983,l-sheepSn,PENDING,0:00,dcgp_usr_pro,1,112,4400M,
29995375,EURR-3_MODEL,PENDING,0:00,dcgp_usr_pro,16,1744,4400M,
29995374,EURR-3_MODEL,PENDING,0:00,dcgp_usr_pro,16,1744,4400M,
29995373,EURR-3_MODEL,PENDING,0:00,dcgp_usr_pro,16,1744,4400M,
29995372,EURR-3_MODEL,PENDING,0:00,dcgp_usr_pro,16,1744,4400M,
29872069,EURR-3_MODEL,PENDING,0:00,dcgp_usr_pro,16,1744,4400M,
29872068,EURR-3_MODEL,PENDING,0:00,dcgp_usr_pro,16,1744,4400M,
29934195,CAR-4_MODEL,PENDING,0:00,dcgp_usr_pro,16,1744,4400M,
29934193,CAR-4_MODEL,PENDING,0:00,dcgp_usr_pro,16,1744,4400M,
29934190,CAR-4_MODEL,PENDING,0:00,dcgp_usr_pro,16,1744,4400M,
29934187,CAR-4_MODEL,PENDING,0:00,dcgp_usr_pro,16,1744,4400M,
29934185,CAR-4_MODEL,PENDING,0:00,dcgp_usr_pro,16,1744,4400M,
26734560,cn-leo-001,RUNNING,31-23:28:06,dcgp_usr_pro,1,112,480G,lrdn3780
26734563,cn-leo-004,RUNNING,31-23:28:06,dcgp_usr_pro,1,112,480G,lrdn4068
26734567,cn-leo-008,RUNNING,31-23:28:06,dcgp_usr_pro,1,112,480G,lrdn4323
26734573,cn-leo-014,RUNNING,31-23:28:06,dcgp_usr_pro,1,112,480G,lrdn3781
26734579,cn-leo-020,RUNNING,31-23:28:06,dcgp_usr_pro,1,112,480G,lrdn4069
26734585,cn-leo-026,RUNNING,31-23:28:06,dcgp_usr_pro,1,112,480G,lrdn4326
26734591,cn-leo-032,RUNNING,31-23:28:06,dcgp_usr_pro,1,112,480G,lrdn3784
26734597,cn-leo-038,RUNNING,31-23:28:06,dcgp_usr_pro,1,112,480G,lrdn4071
26734603,cn-leo-044,RUNNING,31-23:28:06,dcgp_usr_pro,1,112,480G,lrdn4327
26734609,cn-leo-050,RUNNING,31-23:28:06,dcgp_usr_pro,1,112,480G,lrdn3787
26734615,cn-leo-056,RUNNING,31-23:28:06,dcgp_usr_pro,1,112,480G,lrdn4072
26734621,cn-leo-062,RUNNING,31-23:28:06,dcgp_usr_pro,1,112,480G,lrdn4330
26734627,cn-leo-068,RUNNING,31-23:28:06,dcgp_usr_pro,1,112,480G,lrdn3790
26734633,cn-leo-074,RUNNING,31-23:28:06,dcgp_usr_pro,1,112,480G,lrdn4073
26734639,cn-leo-080,RUNNING,31-23:28:06,dcgp_usr_pro,1,112,480G,lrdn4333
26734645,cn-leo-086,RUNNING,31-23:28:06,dcgp_usr_pro,1,112,480G,lrdn3794
26734651,cn-leo-092,RUNNING,31-23:28:06,dcgp_usr_pro,1,112,480G,lrdn4074
26734657,cn-leo-098,RUNNING,31-23:28:06,dcgp_usr_pro,1,112,480G,lrdn4184
26734663,cn-leo-104,RUNNING,31-23:28:06,dcgp_usr_pro,1,112,480G,lrdn4242
26734669,cn-leo-110,RUNNING,31-23:28:06,dcgp_usr_pro,1,112,480G,lrdn4336
26734675,cn-leo-116,RUNNING,31-23:28:06,dcgp_usr_pro,1,112,480G,lrdn4710
26734681,cn-leo-122,RUNNING,31-23:28:06,dcgp_usr_pro,1,112,480G,lrdn3796
26734687,cn-leo-128,RUNNING,31-23:28:06,dcgp_usr_pro,1,112,480G,lrdn3830
26734693,cn-leo-134,RUNNING,31-23:28:06,dcgp_usr_pro,1,112,480G,lrdn4075
26734699,cn-leo-140,RUNNING,31-23:28:06,dcgp_usr_pro,1,112,480G,lrdn4185
26734705,cn-leo-146,RUNNING,31-23:28:06,dcgp_usr_pro,1,112,480G,lrdn4248
26734711,cn-leo-152,RUNNING,31-23:28:06,dcgp_usr_pro,1,112,480G,lrdn4339
26734717,cn-leo-158,RUNNING,31-23:28:06,dcgp_usr_pro,1,112,480G,lrdn4538
26734723,cn-leo-164,RUNNING,31-23:28:06,dcgp_usr_pro,1,112,480G,lrdn4713
26734729,cn-leo-170,RUNNING,31-23:28:06,dcgp_usr_pro,1,112,480G,lrdn4809
26734735,cn-leo-176,RUNNING,31-23:28:06,dcgp_usr_pro,1,112,480G,lrdn3802
26734741,cn-leo-182,RUNNING,31-23:28:06,dcgp_usr_pro,1,112,480G,lrdn3834
26734748,cn-leo-189,RUNNING,31-23:28:06,dcgp_usr_pro,1,112,480G,lrdn4076
26734749,cn-leo-190,RUNNING,31-23:28:06,dcgp_usr_pro,1,112,480G,lrdn4186
26734759,cn-leo-200,RUNNING,31-23:28:06,dcgp_usr_pro,1,112,480G,lrdn4252
26734751,cn-leo-192,RUNNING,34-16:51:05,dcgp_usr_pro,1,112,480G,lrdn3627
26734752,cn-leo-193,RUNNING,34-16:51:05,dcgp_usr_pro,1,112,480G,lrdn3686
26734753,cn-leo-194,RUNNING,34-16:51:05,dcgp_usr_pro,1,112,480G,lrdn3675
26734754,cn-leo-195,RUNNING,34-16:51:05,dcgp_usr_pro,1,112,480G,lrdn3734
26734755,cn-leo-196,RUNNING,34-16:51:05,dcgp_usr_pro,1,112,480G,lrdn3723
26734756,cn-leo-197,RUNNING,34-16:51:05,dcgp_usr_pro,1,112,480G,lrdn3494
26734757,cn-leo-198,RUNNING,34-16:51:05,dcgp_usr_pro,1,112,480G,lrdn3543
26734758,cn-leo-199,RUNNING,34-16:51:05,dcgp_usr_pro,1,112,480G,lrdn3534
26734743,cn-leo-184,RUNNING,34-16:51:09,dcgp_usr_pro,1,112,480G,lrdn3683
26734744,cn-leo-185,RUNNING,34-16:51:09,dcgp_usr_pro,1,112,480G,lrdn3731
26734745,cn-leo-186,RUNNING,34-16:51:09,dcgp_usr_pro,1,112,480G,lrdn3491
26734746,cn-leo-187,RUNNING,34-16:51:09,dcgp_usr_pro,1,112,480G,lrdn3542
26734747,cn-leo-188,RUNNING,34-16:51:09,dcgp_usr_pro,1,112,480G,lrdn3531
26734750,cn-leo-191,RUNNING,34-16:51:09,dcgp_usr_pro,1,112,480G,lrdn3638
26734736,cn-leo-177,RUNNING,34-16:51:13,dcgp_usr_pro,1,112,480G,lrdn3634
26734737,cn-leo-178,RUNNING,34-16:51:13,dcgp_usr_pro,1,112,480G,lrdn3682
26734738,cn-leo-179,RUNNING,34-16:51:13,dcgp_usr_pro,1,112,480G,lrdn3730
26734739,cn-leo-180,RUNNING,34-16:51:13,dcgp_usr_pro,1,112,480G,lrdn3490
26734740,cn-leo-181,RUNNING,34-16:51:13,dcgp_usr_pro,1,112,480G,lrdn3538
26734742,cn-leo-183,RUNNING,34-16:51:13,dcgp_usr_pro,1,112,480G,lrdn3635
26734727,cn-leo-168,RUNNING,34-16:51:17,dcgp_usr_pro,1,112,480G,lrdn3487
26734728,cn-leo-169,RUNNING,34-16:51:17,dcgp_usr_pro,1,112,480G,lrdn3535
26734730,cn-leo-171,RUNNING,34-16:51:17,dcgp_usr_pro,1,112,480G,lrdn3632
26734731,cn-leo-172,RUNNING,34-16:51:17,dcgp_usr_pro,1,112,480G,lrdn3680
26734732,cn-leo-173,RUNNING,34-16:51:17,dcgp_usr_pro,1,112,480G,lrdn3728
26734733,cn-leo-174,RUNNING,34-16:51:17,dcgp_usr_pro,1,112,480G,lrdn3488
26734734,cn-leo-175,RUNNING,34-16:51:17,dcgp_usr_pro,1,112,480G,lrdn3536
26734719,cn-leo-160,RUNNING,34-16:51:21,dcgp_usr_pro,1,112,480G,lrdn3677
26734720,cn-leo-161,RUNNING,34-16:51:21,dcgp_usr_pro,1,112,480G,lrdn3725
26734721,cn-leo-162,RUNNING,34-16:51:21,dcgp_usr_pro,1,112,480G,lrdn3485
26734722,cn-leo-163,RUNNING,34-16:51:21,dcgp_usr_pro,1,112,480G,lrdn3533
26734724,cn-leo-165,RUNNING,34-16:51:21,dcgp_usr_pro,1,112,480G,lrdn3631
26734725,cn-leo-166,RUNNING,34-16:51:21,dcgp_usr_pro,1,112,480G,lrdn3679
26734726,cn-leo-167,RUNNING,34-16:51:21,dcgp_usr_pro,1,112,480G,lrdn3727
26734712,cn-leo-153,RUNNING,34-16:51:25,dcgp_usr_pro,1,112,480G,lrdn3628
26734713,cn-leo-154,RUNNING,34-16:51:25,dcgp_usr_pro,1,112,480G,lrdn3676
26734714,cn-leo-155,RUNNING,34-16:51:25,dcgp_usr_pro,1,112,480G,lrdn3724
26734715,cn-leo-156,RUNNING,34-16:51:25,dcgp_usr_pro,1,112,480G,lrdn3484
26734716,cn-leo-157,RUNNING,34-16:51:25,dcgp_usr_pro,1,112,480G,lrdn3532
26734718,cn-leo-159,RUNNING,34-16:51:25,dcgp_usr_pro,1,112,480G,lrdn3629
26734706,cn-leo-147,RUNNING,34-16:51:29,dcgp_usr_pro,1,112,480G,lrdn3626
26734707,cn-leo-148,RUNNING,34-16:51:29,dcgp_usr_pro,1,112,480G,lrdn3674
26734708,cn-leo-149,RUNNING,34-16:51:29,dcgp_usr_pro,1,112,480G,lrdn3722
26734709,cn-leo-150,RUNNING,34-16:51:29,dcgp_usr_pro,1,112,480G,lrdn3482
26734710,cn-leo-151,RUNNING,34-16:51:29,dcgp_usr_pro,1,112,480G,lrdn3530
26734698,cn-leo-139,RUNNING,34-16:51:33,dcgp_usr_pro,1,112,480G,lrdn3528
26734700,cn-leo-141,RUNNING,34-16:51:33,dcgp_usr_pro,1,112,480G,lrdn3625
26734701,cn-leo-142,RUNNING,34-16:51:33,dcgp_usr_pro,1,112,480G,lrdn3673
26734702,cn-leo-143,RUNNING,34-16:51:33,dcgp_usr_pro,1,112,480G,lrdn3721
26734703,cn-leo-144,RUNNING,34-16:51:33,dcgp_usr_pro,1,112,480G,lrdn3481
26734704,cn-leo-145,RUNNING,34-16:51:33,dcgp_usr_pro,1,112,480G,lrdn3529
26734690,cn-leo-131,RUNNING,34-16:51:37,dcgp_usr_pro,1,112,480G,lrdn3719
26734691,cn-leo-132,RUNNING,34-16:51:37,dcgp_usr_pro,1,112,480G,lrdn3479
26734692,cn-leo-133,RUNNING,34-16:51:37,dcgp_usr_pro,1,112,480G,lrdn3527
26734694,cn-leo-135,RUNNING,34-16:51:37,dcgp_usr_pro,1,112,480G,lrdn3624
26734695,cn-leo-136,RUNNING,34-16:51:37,dcgp_usr_pro,1,112,480G,lrdn3671
26734696,cn-leo-137,RUNNING,34-16:51:37,dcgp_usr_pro,1,112,480G,lrdn3720
26734697,cn-leo-138,RUNNING,34-16:51:37,dcgp_usr_pro,1,112,480G,lrdn3480
26734682,cn-leo-123,RUNNING,34-16:51:41,dcgp_usr_pro,1,112,480G,lrdn3622
26734683,cn-leo-124,RUNNING,34-16:51:41,dcgp_usr_pro,1,112,480G,lrdn3669
26734684,cn-leo-125,RUNNING,34-16:51:41,dcgp_usr_pro,1,112,480G,lrdn3718
26734685,cn-leo-126,RUNNING,34-16:51:41,dcgp_usr_pro,1,112,480G,lrdn3478
26734686,cn-leo-127,RUNNING,34-16:51:41,dcgp_usr_pro,1,112,480G,lrdn3526
26734688,cn-leo-129,RUNNING,34-16:51:41,dcgp_usr_pro,1,112,480G,lrdn3623
26734689,cn-leo-130,RUNNING,34-16:51:41,dcgp_usr_pro,1,112,480G,lrdn3670
26734674,cn-leo-115,RUNNING,34-16:51:45,dcgp_usr_pro,1,112,480G,lrdn3524
26734676,cn-leo-117,RUNNING,34-16:51:45,dcgp_usr_pro,1,112,480G,lrdn3621
26734677,cn-leo-118,RUNNING,34-16:51:45,dcgp_usr_pro,1,112,480G,lrdn3668
26734678,cn-leo-119,RUNNING,34-16:51:45,dcgp_usr_pro,1,112,480G,lrdn3717
26734679,cn-leo-120,RUNNING,34-16:51:45,dcgp_usr_pro,1,112,480G,lrdn3477
26734680,cn-leo-121,RUNNING,34-16:51:45,dcgp_usr_pro,1,112,480G,lrdn3525
26734666,cn-leo-107,RUNNING,34-16:51:49,dcgp_usr_pro,1,112,480G,lrdn3715
26734667,cn-leo-108,RUNNING,34-16:51:49,dcgp_usr_pro,1,112,480G,lrdn3475
26734668,cn-leo-109,RUNNING,34-16:51:49,dcgp_usr_pro,1,112,480G,lrdn3523
26734670,cn-leo-111,RUNNING,34-16:51:49,dcgp_usr_pro,1,112,480G,lrdn3620
26734671,cn-leo-112,RUNNING,34-16:51:49,dcgp_usr_pro,1,112,480G,lrdn3667
26734672,cn-leo-113,RUNNING,34-16:51:49,dcgp_usr_pro,1,112,480G,lrdn3716
26734673,cn-leo-114,RUNNING,34-16:51:49,dcgp_usr_pro,1,112,480G,lrdn3476
26734658,cn-leo-099,RUNNING,34-16:51:53,dcgp_usr_pro,1,112,480G,lrdn3618
26734659,cn-leo-100,RUNNING,34-16:51:53,dcgp_usr_pro,1,112,480G,lrdn3665
26734660,cn-leo-101,RUNNING,34-16:51:53,dcgp_usr_pro,1,112,480G,lrdn3713
26734661,cn-leo-102,RUNNING,34-16:51:53,dcgp_usr_pro,1,112,480G,lrdn3474
26734662,cn-leo-103,RUNNING,34-16:51:53,dcgp_usr_pro,1,112,480G,lrdn3522
26734664,cn-leo-105,RUNNING,34-16:51:53,dcgp_usr_pro,1,112,480G,lrdn3619
26734665,cn-leo-106,RUNNING,34-16:51:53,dcgp_usr_pro,1,112,480G,lrdn3666
26734650,cn-leo-091,RUNNING,34-16:51:57,dcgp_usr_pro,1,112,480G,lrdn3520
26734652,cn-leo-093,RUNNING,34-16:51:57,dcgp_usr_pro,1,112,480G,lrdn3617
26734653,cn-leo-094,RUNNING,34-16:51:57,dcgp_usr_pro,1,112,480G,lrdn3664
26734654,cn-leo-095,RUNNING,34-16:51:57,dcgp_usr_pro,1,112,480G,lrdn3712
26734655,cn-leo-096,RUNNING,34-16:51:57,dcgp_usr_pro,1,112,480G,lrdn3473
26734656,cn-leo-097,RUNNING,34-16:51:57,dcgp_usr_pro,1,112,480G,lrdn3521
26734646,cn-leo-087,RUNNING,34-16:52:01,dcgp_usr_pro,1,112,480G,lrdn3616
26734647,cn-leo-088,RUNNING,34-16:52:01,dcgp_usr_pro,1,112,480G,lrdn3663
26734648,cn-leo-089,RUNNING,34-16:52:01,dcgp_usr_pro,1,112,480G,lrdn3711
26734649,cn-leo-090,RUNNING,34-16:52:01,dcgp_usr_pro,1,112,480G,lrdn3472
26734637,cn-leo-078,RUNNING,34-16:52:05,dcgp_usr_pro,1,112,480G,lrdn3470
26734638,cn-leo-079,RUNNING,34-16:52:05,dcgp_usr_pro,1,112,480G,lrdn3518
26734640,cn-leo-081,RUNNING,34-16:52:05,dcgp_usr_pro,1,112,480G,lrdn3615
26734641,cn-leo-082,RUNNING,34-16:52:05,dcgp_usr_pro,1,112,480G,lrdn3662
26734642,cn-leo-083,RUNNING,34-16:52:05,dcgp_usr_pro,1,112,480G,lrdn3710
26734643,cn-leo-084,RUNNING,34-16:52:05,dcgp_usr_pro,1,112,480G,lrdn3471
26734644,cn-leo-085,RUNNING,34-16:52:05,dcgp_usr_pro,1,112,480G,lrdn3519
26734629,cn-leo-070,RUNNING,34-16:52:09,dcgp_usr_pro,1,112,480G,lrdn3660
26734630,cn-leo-071,RUNNING,34-16:52:09,dcgp_usr_pro,1,112,480G,lrdn3708
26734631,cn-leo-072,RUNNING,34-16:52:09,dcgp_usr_pro,1,112,480G,lrdn3469
26734632,cn-leo-073,RUNNING,34-16:52:09,dcgp_usr_pro,1,112,480G,lrdn3517
26734634,cn-leo-075,RUNNING,34-16:52:09,dcgp_usr_pro,1,112,480G,lrdn3614
26734635,cn-leo-076,RUNNING,34-16:52:09,dcgp_usr_pro,1,112,480G,lrdn3661
26734636,cn-leo-077,RUNNING,34-16:52:09,dcgp_usr_pro,1,112,480G,lrdn3709
26734622,cn-leo-063,RUNNING,34-16:52:13,dcgp_usr_pro,1,112,480G,lrdn3612
26734623,cn-leo-064,RUNNING,34-16:52:13,dcgp_usr_pro,1,112,480G,lrdn3659
26734624,cn-leo-065,RUNNING,34-16:52:13,dcgp_usr_pro,1,112,480G,lrdn3707
26734625,cn-leo-066,RUNNING,34-16:52:13,dcgp_usr_pro,1,112,480G,lrdn3468
26734626,cn-leo-067,RUNNING,34-16:52:13,dcgp_usr_pro,1,112,480G,lrdn3516
26734628,cn-leo-069,RUNNING,34-16:52:13,dcgp_usr_pro,1,112,480G,lrdn3613
26734613,cn-leo-054,RUNNING,34-16:52:17,dcgp_usr_pro,1,112,480G,lrdn3466
26734614,cn-leo-055,RUNNING,34-16:52:17,dcgp_usr_pro,1,112,480G,lrdn3514
26734616,cn-leo-057,RUNNING,34-16:52:17,dcgp_usr_pro,1,112,480G,lrdn3611
26734617,cn-leo-058,RUNNING,34-16:52:17,dcgp_usr_pro,1,112,480G,lrdn3658
26734618,cn-leo-059,RUNNING,34-16:52:17,dcgp_usr_pro,1,112,480G,lrdn3706
26734619,cn-leo-060,RUNNING,34-16:52:17,dcgp_usr_pro,1,112,480G,lrdn3467
26734620,cn-leo-061,RUNNING,34-16:52:17,dcgp_usr_pro,1,112,480G,lrdn3515
26734605,cn-leo-046,RUNNING,34-16:52:21,dcgp_usr_pro,1,112,480G,lrdn3656
26734606,cn-leo-047,RUNNING,34-16:52:21,dcgp_usr_pro,1,112,480G,lrdn3704
26734607,cn-leo-048,RUNNING,34-16:52:21,dcgp_usr_pro,1,112,480G,lrdn3465
26734608,cn-leo-049,RUNNING,34-16:52:21,dcgp_usr_pro,1,112,480G,lrdn3513
26734610,cn-leo-051,RUNNING,34-16:52:21,dcgp_usr_pro,1,112,480G,lrdn3610
26734611,cn-leo-052,RUNNING,34-16:52:21,dcgp_usr_pro,1,112,480G,lrdn3657
26734612,cn-leo-053,RUNNING,34-16:52:21,dcgp_usr_pro,1,112,480G,lrdn3705
26734598,cn-leo-039,RUNNING,34-16:52:25,dcgp_usr_pro,1,112,480G,lrdn3608
26734599,cn-leo-040,RUNNING,34-16:52:25,dcgp_usr_pro,1,112,480G,lrdn3655
26734600,cn-leo-041,RUNNING,34-16:52:25,dcgp_usr_pro,1,112,480G,lrdn3703
26734601,cn-leo-042,RUNNING,34-16:52:25,dcgp_usr_pro,1,112,480G,lrdn3464
26734602,cn-leo-043,RUNNING,34-16:52:25,dcgp_usr_pro,1,112,480G,lrdn3512
26734604,cn-leo-045,RUNNING,34-16:52:25,dcgp_usr_pro,1,112,480G,lrdn3609
26734589,cn-leo-030,RUNNING,34-16:52:29,dcgp_usr_pro,1,112,480G,lrdn3462
26734590,cn-leo-031,RUNNING,34-16:52:29,dcgp_usr_pro,1,112,480G,lrdn3510
26734592,cn-leo-033,RUNNING,34-16:52:29,dcgp_usr_pro,1,112,480G,lrdn3607
26734593,cn-leo-034,RUNNING,34-16:52:29,dcgp_usr_pro,1,112,480G,lrdn3654
26734594,cn-leo-035,RUNNING,34-16:52:29,dcgp_usr_pro,1,112,480G,lrdn3701
26734595,cn-leo-036,RUNNING,34-16:52:29,dcgp_usr_pro,1,112,480G,lrdn3463
26734596,cn-leo-037,RUNNING,34-16:52:29,dcgp_usr_pro,1,112,480G,lrdn3511
26734584,cn-leo-025,RUNNING,34-16:52:33,dcgp_usr_pro,1,112,480G,lrdn3509
26734586,cn-leo-027,RUNNING,34-16:52:33,dcgp_usr_pro,1,112,480G,lrdn3606
26734587,cn-leo-028,RUNNING,34-16:52:33,dcgp_usr_pro,1,112,480G,lrdn3652
26734588,cn-leo-029,RUNNING,34-16:52:33,dcgp_usr_pro,1,112,480G,lrdn3700
26734576,cn-leo-017,RUNNING,34-16:52:37,dcgp_usr_pro,1,112,480G,lrdn3698
26734577,cn-leo-018,RUNNING,34-16:52:37,dcgp_usr_pro,1,112,480G,lrdn3459
26734578,cn-leo-019,RUNNING,34-16:52:37,dcgp_usr_pro,1,112,480G,lrdn3508
26734580,cn-leo-021,RUNNING,34-16:52:37,dcgp_usr_pro,1,112,480G,lrdn3605
26734581,cn-leo-022,RUNNING,34-16:52:37,dcgp_usr_pro,1,112,480G,lrdn3651
26734582,cn-leo-023,RUNNING,34-16:52:37,dcgp_usr_pro,1,112,480G,lrdn3699
26734583,cn-leo-024,RUNNING,34-16:52:37,dcgp_usr_pro,1,112,480G,lrdn3461
26734568,cn-leo-009,RUNNING,34-16:52:41,dcgp_usr_pro,1,112,480G,lrdn3603
26734569,cn-leo-010,RUNNING,34-16:52:41,dcgp_usr_pro,1,112,480G,lrdn3649
26734570,cn-leo-011,RUNNING,34-16:52:41,dcgp_usr_pro,1,112,480G,lrdn3697
26734571,cn-leo-012,RUNNING,34-16:52:41,dcgp_usr_pro,1,112,480G,lrdn3458
26734572,cn-leo-013,RUNNING,34-16:52:41,dcgp_usr_pro,1,112,480G,lrdn3507
26734574,cn-leo-015,RUNNING,34-16:52:41,dcgp_usr_pro,1,112,480G,lrdn3604
26734575,cn-leo-016,RUNNING,34-16:52:41,dcgp_usr_pro,1,112,480G,lrdn3650
26734561,cn-leo-002,RUNNING,34-16:52:45,dcgp_usr_pro,1,112,480G,lrdn3601
26734562,cn-leo-003,RUNNING,34-16:52:45,dcgp_usr_pro,1,112,480G,lrdn3505
26734564,cn-leo-005,RUNNING,34-16:52:45,dcgp_usr_pro,1,112,480G,lrdn3602
26734565,cn-leo-006,RUNNING,34-16:52:45,dcgp_usr_pro,1,112,480G,lrdn3457
26734566,cn-leo-007,RUNNING,34-16:52:45,dcgp_usr_pro,1,112,480G,lrdn3506
29955059,RTB,RUNNING,15:57:12,dcgp_usr_pro,23,2576,4400M,"lrdn[3988-3990,3992-3995,4002-4004,4006-4007,4009-4010,4012-4013,4016-4017,4019-4020,4022-4023,4025]"
29995369,L18ST4,RUNNING,0:24,dcgp_usr_pro,1,112,4400M,lrdn3563
29965779,ccvt,RUNNING,12:44:36,dcgp_usr_pro,1,32,480G,lrdn3825
29937884,DT2,RUNNING,20:10:45,dcgp_usr_pro,1,16,180G,lrdn4528
29937854,DT1,RUNNING,20:11:18,dcgp_usr_pro,1,16,180G,lrdn4526
29934425,r7,RUNNING,21:19:10,dcgp_usr_pro,1,16,180G,lrdn4138
29934382,r6,RUNNING,21:20:21,dcgp_usr_pro,1,16,180G,lrdn4554
29934354,r5,RUNNING,21:20:47,dcgp_usr_pro,1,16,180G,lrdn4554
29934336,r4,RUNNING,21:21:19,dcgp_usr_pro,1,16,180G,lrdn4448
29934224,r3,RUNNING,21:24:04,dcgp_usr_pro,1,16,180G,lrdn4348
29934218,r2,RUNNING,21:24:31,dcgp_usr_pro,1,16,180G,lrdn4348
29934160,r1,RUNNING,21:25:21,dcgp_usr_pro,1,16,180G,lrdn4270
29958912,myjob,RUNNING,14:47:01,dcgp_usr_pro,1,32,123000M,lrdn3824
29958760,myjob,RUNNING,14:51:03,dcgp_usr_pro,1,32,123000M,lrdn3826
29990423,ZnO_3x3x2,RUNNING,1:40:05,dcgp_usr_pro,1,32,494000M,lrdn4642
29990275,LiCoO2H_001ox2_,RUNNING,1:43:43,dcgp_usr_pro,1,32,494000M,lrdn4639
29994639,fastp_SE,RUNNING,13:35,dcgp_usr_pro,1,8,4400M,lrdn3557
29994642,fastp_SE,RUNNING,13:35,dcgp_usr_pro,1,8,4400M,lrdn3557
29994575,fastp_PE,RUNNING,15:07,dcgp_usr_pro,1,8,4400M,lrdn3559
29994576,fastp_PE,RUNNING,15:07,dcgp_usr_pro,1,8,4400M,lrdn3559
29994577,fastp_PE,RUNNING,15:07,dcgp_usr_pro,1,8,4400M,lrdn3559
29994578,fastp_PE,RUNNING,15:07,dcgp_usr_pro,1,8,4400M,lrdn3559
29994579,fastp_PE,RUNNING,15:07,dcgp_usr_pro,1,8,4400M,lrdn3559
29994580,fastp_PE,RUNNING,15:07,dcgp_usr_pro,1,8,4400M,lrdn3559
29994567,fastp_PE,RUNNING,15:09,dcgp_usr_pro,1,8,4400M,lrdn3554
29994568,fastp_PE,RUNNING,15:09,dcgp_usr_pro,1,8,4400M,lrdn3554
29994569,fastp_PE,RUNNING,15:09,dcgp_usr_pro,1,8,4400M,lrdn3554
29994570,fastp_PE,RUNNING,15:09,dcgp_usr_pro,1,8,4400M,lrdn3554
29994571,fastp_PE,RUNNING,15:09,dcgp_usr_pro,1,8,4400M,lrdn3554
29994572,fastp_PE,RUNNING,15:09,dcgp_usr_pro,1,8,4400M,lrdn3556
29994573,fastp_PE,RUNNING,15:09,dcgp_usr_pro,1,8,4400M,lrdn3556
29994574,fastp_PE,RUNNING,15:09,dcgp_usr_pro,1,8,4400M,lrdn3559
29994557,fastp_PE,RUNNING,15:11,dcgp_usr_pro,1,8,4400M,lrdn3554
29994558,fastp_PE,RUNNING,15:11,dcgp_usr_pro,1,8,4400M,lrdn3554
29994559,fastp_PE,RUNNING,15:11,dcgp_usr_pro,1,8,4400M,lrdn3554
29994562,fastp_PE,RUNNING,15:11,dcgp_usr_pro,1,8,4400M,lrdn3554
29994563,fastp_PE,RUNNING,15:11,dcgp_usr_pro,1,8,4400M,lrdn3554
29994564,fastp_PE,RUNNING,15:11,dcgp_usr_pro,1,8,4400M,lrdn3554
29994565,fastp_PE,RUNNING,15:11,dcgp_usr_pro,1,8,4400M,lrdn3554
29994566,fastp_PE,RUNNING,15:11,dcgp_usr_pro,1,8,4400M,lrdn3554
29994530,fastp_PE,RUNNING,15:14,dcgp_usr_pro,1,8,4400M,lrdn3556
29994531,fastp_PE,RUNNING,15:14,dcgp_usr_pro,1,8,4400M,lrdn3556
29994532,fastp_PE,RUNNING,15:14,dcgp_usr_pro,1,8,4400M,lrdn3556
29994533,fastp_PE,RUNNING,15:14,dcgp_usr_pro,1,8,4400M,lrdn3556
29994534,fastp_PE,RUNNING,15:14,dcgp_usr_pro,1,8,4400M,lrdn3556
29994554,fastp_PE,RUNNING,15:14,dcgp_usr_pro,1,8,4400M,lrdn3559
29994556,fastp_PE,RUNNING,15:14,dcgp_usr_pro,1,8,4400M,lrdn3559
29994522,fastp_PE,RUNNING,15:16,dcgp_usr_pro,1,8,4400M,lrdn3556
29994523,fastp_PE,RUNNING,15:16,dcgp_usr_pro,1,8,4400M,lrdn3556
29994524,fastp_PE,RUNNING,15:16,dcgp_usr_pro,1,8,4400M,lrdn3556
29994525,fastp_PE,RUNNING,15:16,dcgp_usr_pro,1,8,4400M,lrdn3556
29994526,fastp_PE,RUNNING,15:16,dcgp_usr_pro,1,8,4400M,lrdn3556
29994527,fastp_PE,RUNNING,15:16,dcgp_usr_pro,1,8,4400M,lrdn3556
29994529,fastp_PE,RUNNING,15:16,dcgp_usr_pro,1,8,4400M,lrdn3556
29994521,fastp_PE,RUNNING,15:18,dcgp_usr_pro,1,8,4400M,lrdn3554
27547132,PROD,RUNNING,21:35:29,dcgp_usr_pro,1,112,4400M,lrdn4005
29935230,runorca_610.sh,RUNNING,21:02:04,dcgp_usr_pro,1,112,494000M,lrdn4873
29935499,runorca_610.sh,RUNNING,20:56:14,dcgp_usr_pro,1,112,494000M,lrdn4885
29935399,runorca_610.sh,RUNNING,20:58:36,dcgp_usr_pro,1,112,494000M,lrdn3958
29980854,b68_b,RUNNING,6:00:46,dcgp_usr_pro,1,112,4400M,lrdn4028
29983214,b67,RUNNING,4:54:32,dcgp_usr_pro,1,112,4400M,lrdn4245
29985813,b67_b,RUNNING,3:42:33,dcgp_usr_pro,1,112,4400M,lrdn4479
29988091,b66_2,RUNNING,2:42:25,dcgp_usr_pro,1,112,4400M,lrdn3555
29989794,b68,RUNNING,1:56:52,dcgp_usr_pro,1,112,4400M,lrdn4638
29993551,dbd2ea95-ae76-4,RUNNING,38:50,dcgp_usr_pro,1,8,8000M,lrdn4255
29993552,dbd2ea95-ae76-4,RUNNING,38:50,dcgp_usr_pro,1,8,8000M,lrdn4255
29993548,dbd2ea95-ae76-4,RUNNING,38:54,dcgp_usr_pro,1,8,8000M,lrdn3553
29993549,dbd2ea95-ae76-4,RUNNING,38:54,dcgp_usr_pro,1,8,8000M,lrdn3553
29993550,dbd2ea95-ae76-4,RUNNING,38:54,dcgp_usr_pro,1,8,8000M,lrdn4255
29993546,dbd2ea95-ae76-4,RUNNING,38:57,dcgp_usr_pro,1,8,8000M,lrdn3553
29993547,dbd2ea95-ae76-4,RUNNING,38:57,dcgp_usr_pro,1,8,8000M,lrdn3553
29993544,dbd2ea95-ae76-4,RUNNING,38:59,dcgp_usr_pro,1,8,8000M,lrdn4249
29993545,dbd2ea95-ae76-4,RUNNING,38:59,dcgp_usr_pro,1,8,8000M,lrdn4249
29993540,dbd2ea95-ae76-4,RUNNING,39:01,dcgp_usr_pro,1,8,8000M,lrdn4249
29993541,dbd2ea95-ae76-4,RUNNING,39:01,dcgp_usr_pro,1,8,8000M,lrdn4249
29993542,dbd2ea95-ae76-4,RUNNING,39:01,dcgp_usr_pro,1,8,8000M,lrdn4249
29993538,dbd2ea95-ae76-4,RUNNING,39:04,dcgp_usr_pro,1,8,8000M,lrdn4249
29993539,dbd2ea95-ae76-4,RUNNING,39:04,dcgp_usr_pro,1,8,8000M,lrdn4249
29993535,dbd2ea95-ae76-4,RUNNING,39:06,dcgp_usr_pro,1,8,8000M,lrdn4239
29993537,dbd2ea95-ae76-4,RUNNING,39:06,dcgp_usr_pro,1,8,8000M,lrdn4239
29993533,dbd2ea95-ae76-4,RUNNING,39:08,dcgp_usr_pro,1,8,8000M,lrdn4239
29993534,dbd2ea95-ae76-4,RUNNING,39:08,dcgp_usr_pro,1,8,8000M,lrdn4239
29993532,dbd2ea95-ae76-4,RUNNING,39:10,dcgp_usr_pro,1,8,8000M,lrdn4239
29994767_1,FASTP,RUNNING,10:57,dcgp_usr_pro,1,1,16G,lrdn4991
29994767_5,FASTP,RUNNING,10:57,dcgp_usr_pro,1,1,16G,lrdn4991
29994767_9,FASTP,RUNNING,10:57,dcgp_usr_pro,1,1,16G,lrdn4991
29994767_2,FASTP,RUNNING,10:57,dcgp_usr_pro,1,1,16G,lrdn4991
29994767_3,FASTP,RUNNING,10:57,dcgp_usr_pro,1,1,16G,lrdn4989
29994767_4,FASTP,RUNNING,10:57,dcgp_usr_pro,1,1,16G,lrdn4989
29994767_6,FASTP,RUNNING,10:57,dcgp_usr_pro,1,1,16G,lrdn4988
29994767_7,FASTP,RUNNING,10:57,dcgp_usr_pro,1,1,16G,lrdn4988
29994767_8,FASTP,RUNNING,10:57,dcgp_usr_pro,1,1,16G,lrdn4988
29990557,160,RUNNING,1:36:28,dcgp_usr_pro,1,64,400000M,lrdn4681
29991218,scf,RUNNING,1:18:15,dcgp_usr_pro,1,64,400000M,lrdn4682
29959416,OpenFOAM,RUNNING,14:39:13,dcgp_usr_pro,1,32,32G,lrdn4866
29993628,1100,RUNNING,36:54,dcgp_usr_pro,8,896,0,lrdn[4924-4931]
29995315,IT_WPS_20251223,RUNNING,1:45,dcgp_usr_pro,1,112,4400M,lrdn3558
29933345,PC09_CF_v1,RUNNING,21:43:19,dcgp_usr_pro,2,224,4400M,"lrdn[4320,4340]"
29886235_2,p1e-4mbar.sh,RUNNING,15:22:33,dcgp_usr_pro,1,56,100G,lrdn4529
29886181_2,p1e-3mbar.sh,RUNNING,15:23:26,dcgp_usr_pro,1,56,100G,lrdn4239
29886114_2,mi01.sh,RUNNING,15:24:43,dcgp_usr_pro,1,56,100G,lrdn4306
29886037_2,mi02.sh,RUNNING,15:26:00,dcgp_usr_pro,1,56,100G,lrdn4304
29885925_2,lowres4.sh,RUNNING,15:28:02,dcgp_usr_pro,1,56,100G,lrdn4532
29885854_2,lowres3.sh,RUNNING,15:29:05,dcgp_usr_pro,1,56,100G,lrdn4306
29885014_2,beam3D.sh,RUNNING,15:51:52,dcgp_usr_pro,1,56,100G,lrdn4527
29993315_0,NoOpt,RUNNING,44:32,dcgp_usr_pro,1,112,4400M,lrdn4941
29973433,N5b19L42S16,RUNNING,9:50:31,dcgp_usr_pro,1,112,4400M,lrdn4258
29947495,JBC5,RUNNING,4:15,dcgp_usr_pro,7,784,4400M,"lrdn[4916,4918-4923]"
29935182,JBC6_ref,RUNNING,1:06:59,dcgp_usr_pro,14,1568,4400M,"lrdn[4292-4303,4305,4307]"
29948196,JBC5m,RUNNING,28:38,dcgp_usr_pro,6,672,4400M,"lrdn[4788,4791,4795,4798,4801,4804]"
29956889,JBC6,RUNNING,1:37:35,dcgp_usr_pro,14,1568,4400M,lrdn[4213-4226]
29956833,JBC4,RUNNING,2:09:30,dcgp_usr_pro,7,784,4400M,lrdn[3901-3907]
29856071,l-sheepSn,RUNNING,1-12:03:26,dcgp_usr_pro,1,112,4400M,lrdn4171
29874482,l-sheep,RUNNING,18:17:50,dcgp_usr_pro,1,64,4400M,lrdn3795
29874021,dmrg_88q,RUNNING,1-22:54:02,dcgp_usr_pro,3,336,4400M,"lrdn[4954,4960,4963]"
29934937,Ichim_vernice,RUNNING,21:08:01,dcgp_usr_pro,4,448,494000M,lrdn[4077-4080]
29939263,l-sheepSn,RUNNING,7:06:59,dcgp_usr_pro,1,112,4400M,lrdn3690
29991608_0,88qContinueAdap,RUNNING,1:08:19,dcgp_usr_pro,2,224,4400M,lrdn[3561-3562]
29991405_0,100qContinueAda,RUNNING,1:13:55,dcgp_usr_pro,2,224,4400M,lrdn[4764-4765]
29995009,TS,RUNNING,9:29,dcgp_usr_pro,1,48,375000M,lrdn3560
29859886,Ichim_sensore,RUNNING,2-16:57:24,dcgp_usr_pro,3,336,494000M,"lrdn[4476,4483,4495]"
29995112,T2_un,RUNNING,6:35,dcgp_usr_pro,1,48,375000M,lrdn4766
29994984,T2_un,RUNNING,9:51,dcgp_usr_pro,1,48,375000M,lrdn3908
29995371,EURR-3_MODEL,RUNNING,0:20,dcgp_usr_pro,16,1744,4400M,"lrdn[3909-3915,3918,3920-3926,3928]"
29872067,EURR-3_MODEL,RUNNING,6:44:38,dcgp_usr_pro,16,1744,4400M,"lrdn[3745-3751,3753-3761]"
29710332,Ichim_bare,RUNNING,3-10:19:12,dcgp_usr_pro,3,336,494000M,"lrdn[3774,3799-3800]"
29986806,qcd2-08x144-b7.,RUNNING,3:16:04,dcgp_usr_pro,16,1792,480G,"lrdn[4707,4717,4720,4723,4726,4729-4730,4732-4740]"
29985969,qcd2-08x144-b8.,RUNNING,3:38:25,dcgp_usr_pro,16,1792,480G,"lrdn[4482,4486,4496-4501,4503-4510]"
29984227,qcd2-08x144-b6.,RUNNING,4:26:35,dcgp_usr_pro,16,1792,480G,"lrdn[4603,4605-4612,4614-4615,4618-4622]"
29982684,qcd2-08x144-b8.,RUNNING,5:09:40,dcgp_usr_pro,16,1792,480G,"lrdn[3823,3827-3829,3831-3833,3835-3840,3863-3864,3866]"
29977473,qcd2-08x144-b6.,RUNNING,7:27:54,dcgp_usr_pro,16,1792,480G,"lrdn[4151-4152,4155,4157,4159-4160,4162-4163,4165-4166,4168-4169,4172-4173,4175-4176]"
29976600,qcd2-08x144-b7.,RUNNING,7:51:37,dcgp_usr_pro,16,1792,480G,"lrdn[4161,4189-4203]"
29971203,qcd2-08x144-b8.,RUNNING,10:47:07,dcgp_usr_pro,16,1792,480G,"lrdn[3502,3504,3550,3552,3567,3592,3643,3647,3691,3695,3739,3743,3785,3810,3852,3861]"
29934163,CAR-4_MODEL,RUNNING,20:05:16,dcgp_usr_pro,16,1744,4400M,"lrdn[4842-4854,4860,4870-4871]"
29941117,SAM_URB,RUNNING,19:24:03,dcgp_usr_pro,12,1296,0,"lrdn[4451-4459,4461-4462,4464]"
29969255,Cold,RUNNING,11:27:24,dcgp_usr_pro,10,1120,400G,"lrdn[3768-3770,3772-3773,3775-3776,3778-3779,3782]"
29969257,Cold,RUNNING,11:27:24,dcgp_usr_pro,10,1120,400G,"lrdn[3845-3848,3850-3851,3853,3856-3857,3860]"
29969258,Cold,RUNNING,11:27:24,dcgp_usr_pro,10,1120,400G,"lrdn[3960-3962,3964,3966-3971]"
29969237,Cold,RUNNING,11:27:55,dcgp_usr_pro,10,1120,400G,"lrdn[4350-4358,4360]"
29969241,Cold,RUNNING,11:27:55,dcgp_usr_pro,10,1120,400G,"lrdn[4386-4389,4394,4396-4397,4399-4400,4402]"
29940941,MED-12_DEF,RUNNING,19:27:05,dcgp_usr_pro,8,864,4400M,"lrdn[4370,4373,4375-4378,4392-4393]"
29941170,test_flower,RUNNING,19:23:05,dcgp_usr_pro,9,1008,4400M,"lrdn[4544,4548-4550,4552-4553,4555-4556,4558]"
29994682,AFR-12_MPI-ESM1,RUNNING,12:42,dcgp_usr_pro,8,864,4400M,"lrdn[4785,4807-4808,4810-4814]"
29992901,AFR-12_NorESM2-,RUNNING,56:24,dcgp_usr_pro,8,864,4400M,lrdn[4651-4658]
29990927,AFR-12_ECEarth_,RUNNING,1:25:50,dcgp_usr_pro,8,864,4400M,"lrdn[3855,3858-3859,3865,3868,3871-3873]"
29981175,NorESM-EastAsia,RUNNING,5:51:22,dcgp_usr_pro,8,864,4400M,"lrdn[4011,4014-4015,4018,4021,4024,4027,4034]"
29980142,MPIESM-EastAsia,RUNNING,6:19:29,dcgp_usr_pro,8,864,4400M,"lrdn[4105,4110-4113,4117-4119]"
29941150,NoTo-SouthAmeri,RUNNING,19:23:22,dcgp_usr_pro,8,864,4400M,"lrdn[4573,4578-4584]"
29935961,NoTo-SouthAmeri,RUNNING,20:52:08,dcgp_usr_pro,8,864,4400M,"lrdn[4887-4889,4891-4893,4895-4896]"
29934635,AFR-12_20120901,RUNNING,21:14:36,dcgp_usr_pro,8,864,4400M,"lrdn[4419-4425,4431]"
29990411,ce3+_8h2o_33_so,RUNNING,1:40:26,dcgp_usr_pro,2,224,375000M,lrdn[4762-4763]
29945536,MED-AO,RUNNING,18:16:05,dcgp_usr_pro,5,480,4400M,"lrdn[3797-3798,3803-3805]"
29992193_2,resume_airfoils,RUNNING,1:05:54,dcgp_usr_pro,1,2,4400M,lrdn4405
29992193_3,resume_airfoils,RUNNING,1:05:54,dcgp_usr_pro,1,2,4400M,lrdn4557
29991609_2,resume_airfoils,RUNNING,1:07:59,dcgp_usr_pro,1,2,4400M,lrdn4838
29991383,job.914pf5mc.sh,RUNNING,1:14:08,dcgp_usr_pro,1,64,450G,lrdn4645
29982863,job.388pf5mc.sh,RUNNING,4:13:37,dcgp_usr_pro,1,64,450G,lrdn4632
29981938,job.928pf5c.sh,RUNNING,4:45:17,dcgp_usr_pro,1,64,450G,lrdn4629
29970495,job.902pf5mc.sh,RUNNING,11:04:37,dcgp_usr_pro,1,64,450G,lrdn4411
29939771,l-sheepCs2x2,RUNNING,19:36:42,dcgp_usr_pro,1,112,4400M,lrdn4492
29931478,g16_test,RUNNING,22:12:32,dcgp_usr_pro,1,80,20G,lrdn3998
29931475,g16_test,RUNNING,22:12:45,dcgp_usr_pro,1,80,20G,lrdn3957
29931442,g16_test,RUNNING,22:12:54,dcgp_usr_pro,1,80,20G,lrdn4863
29931441,g16_test,RUNNING,22:13:02,dcgp_usr_pro,1,80,20G,lrdn4381
29931439,g16_test,RUNNING,22:13:13,dcgp_usr_pro,1,80,20G,lrdn4347
29931396,g16_test,RUNNING,22:13:28,dcgp_usr_pro,1,80,20G,lrdn4291
29931395,g16_test,RUNNING,22:13:42,dcgp_usr_pro,1,80,20G,lrdn4269
29931359,g16_test,RUNNING,22:13:52,dcgp_usr_pro,1,80,20G,lrdn4154
29931356,g16_test,RUNNING,22:14:07,dcgp_usr_pro,1,80,20G,lrdn4109
29931352,g16_test,RUNNING,22:14:17,dcgp_usr_pro,1,80,20G,lrdn4033
29931310,g16_test,RUNNING,22:14:30,dcgp_usr_pro,1,80,20G,lrdn3997
29931306,g16_test,RUNNING,22:14:40,dcgp_usr_pro,1,80,20G,lrdn3956
29931303,g16_test,RUNNING,22:14:48,dcgp_usr_pro,1,80,20G,lrdn4344
29931267,g16_test,RUNNING,22:15:04,dcgp_usr_pro,1,80,20G,lrdn4268
29931263,g16_test,RUNNING,22:15:15,dcgp_usr_pro,1,80,20G,lrdn4153
29931220,g16_test,RUNNING,22:15:25,dcgp_usr_pro,1,80,20G,lrdn4107
29931218,g16_test,RUNNING,22:15:38,dcgp_usr_pro,1,80,20G,lrdn4029
29931215,g16_test,RUNNING,22:15:48,dcgp_usr_pro,1,80,20G,lrdn3571
29931180,g16_test,RUNNING,22:15:57,dcgp_usr_pro,1,80,20G,lrdn3553
29931175,g16_test,RUNNING,22:16:07,dcgp_usr_pro,1,80,20G,lrdn3996
29931173,g16_test,RUNNING,22:16:19,dcgp_usr_pro,1,80,20G,lrdn3936
29931149,g16_test,RUNNING,22:16:33,dcgp_usr_pro,1,80,20G,lrdn4135
29882529,train,RUNNING,1-16:44:33,dcgp_usr_pro,1,64,4400M,lrdn4760
29991241,qcd2-06x144-b6.,RUNNING,1:17:48,dcgp_usr_pro,16,1792,480G,"lrdn[4684-4692,4694-4695,4697-4701]"
29990234,GP_LOWP_CMS_GLI,RUNNING,1:44:54,dcgp_usr_pro,1,112,4400M,lrdn4761
29989745,GP_LOWP_CMS_GLI,RUNNING,1:58:09,dcgp_usr_pro,1,112,4400M,lrdn4759
29973798,GP_LOWP_CMS_GLI,RUNNING,9:27:25,dcgp_usr_pro,1,112,4400M,lrdn4794
29872379_[,chrono_task_gca,PENDING,0:00,lrd_all_seri,1,1,2G,
29942363_[,chrono_task_nav,PENDING,0:00,lrd_all_seri,1,1,2G,
29927966,de374h_ifs,PENDING,0:00,lrd_all_seri,1,1,4G,
17937675,bashfilefast,PENDING,0:00,lrd_all_seri,1,4,3850M,
29971483_[,symba_array,PENDING,0:00,lrd_all_seri,1,1,16G,
29467414_[,clean_sc,PENDING,0:00,lrd_all_seri,1,1,2G,
29938844,wandb_sync,PENDING,0:00,lrd_all_seri,1,4,16G,
29971483_3,symba_array,RUNNING,1:17:39,lrd_all_seri,1,2,16G,login13
29994720,curation,RUNNING,11:57,lrd_all_seri,1,8,30800M,login08
29995332,de374h_ifs,RUNNING,1:14,lrd_all_seri,1,2,4G,login13
29989325,sync_wandb.sh,RUNNING,2:09:36,lrd_all_seri,1,4,8G,login13
29994497,anemoi-auto,RUNNING,16:05,lrd_all_seri,1,4,16000M,login08
29994388,tokenizing-mega,RUNNING,19:10,lrd_all_seri,1,2,3850M,login13
29995399_[,l16t8,PENDING,0:00,boost_usr_pr,1,4,62.50G,
29995400,ctest,PENDING,0:00,boost_usr_pr,1,16,15400M,
29995365_1,l16t8,CONFIGUR,0:01,boost_usr_pr,1,4,62.50G,lrdn0496
29995366_1,l16t8,CONFIGUR,0:01,boost_usr_pr,1,4,62.50G,lrdn0496
29995367_1,l16t8,CONFIGUR,0:01,boost_usr_pr,1,4,62.50G,lrdn0496
29995368_1,l16t8,CONFIGUR,0:01,boost_usr_pr,1,4,62.50G,lrdn0549
29995354_2,l16t8,CONFIGUR,0:01,boost_usr_pr,1,4,62.50G,lrdn1390
29995354_3,l16t8,CONFIGUR,0:01,boost_usr_pr,1,4,62.50G,lrdn0496
29995401,de374h_ifs,RUNNING,0:04,lrd_all_seri,1,2,4G,login13
29995414_[,l16t8,PENDING,0:00,boost_usr_pr,1,4,62.50G,
29995413_[,l16t8,PENDING,0:00,boost_usr_pr,1,4,62.50G,
29995412_[,l16t8,PENDING,0:00,boost_usr_pr,1,4,62.50G,
29995411_[,l16t8,PENDING,0:00,boost_usr_pr,1,4,62.50G,
29995399_2,l16t8,CONFIGUR,0:01,boost_usr_pr,1,4,62.50G,lrdn0992
29995399_3,l16t8,CONFIGUR,0:01,boost_usr_pr,1,4,62.50G,lrdn0855
29995399_4,l16t8,CONFIGUR,0:01,boost_usr_pr,1,4,62.50G,lrdn0855
29995399_5,l16t8,CONFIGUR,0:01,boost_usr_pr,1,4,62.50G,lrdn0855
29995399_6,l16t8,CONFIGUR,0:01,boost_usr_pr,1,4,62.50G,lrdn0855
29995399_7,l16t8,CONFIGUR,0:01,boost_usr_pr,1,4,62.50G,lrdn0994
29995399_8,l16t8,CONFIGUR,0:01,boost_usr_pr,1,4,62.50G,lrdn0994
29995399_9,l16t8,CONFIGUR,0:01,boost_usr_pr,1,4,62.50G,lrdn0994
29995399_1,l16t8,CONFIGUR,0:01,boost_usr_pr,1,4,62.50G,lrdn1186
29995417,julia-2256343,RUNNING,0:01,boost_usr_pr,1,1,15400M,lrdn3456
29995415,hostname,COMPLETI,0:02,dcgp_usr_pro,1,1,1G,lrdn4992
29995438_[,l16t8,PENDING,0:00,boost_usr_pr,1,4,62.50G,
29995439,SBLI_10,PENDING,0:00,boost_usr_pr,40,1280,15400M,
29995441,interactive,RUNNING,0:02,boost_usr_pr,1,1,125G,lrdn3433
29995440,1mof,RUNNING,0:02,boost_usr_pr,1,32,15400M,lrdn0496
29995411_1,l16t8,RUNNING,0:01,boost_usr_pr,1,4,62.50G,lrdn3190
29995412_1,l16t8,RUNNING,0:01,boost_usr_pr,1,4,62.50G,lrdn3190
29995413_1,l16t8,RUNNING,0:01,boost_usr_pr,1,4,62.50G,lrdn3212
29995414_1,l16t8,RUNNING,0:01,boost_usr_pr,1,4,62.50G,lrdn3212
29994679_1,l16t8,RUNNING,0:02,boost_usr_pr,1,4,62.50G,lrdn0992
29994679_2,l16t8,RUNNING,0:02,boost_usr_pr,1,4,62.50G,lrdn0992
29994679_3,l16t8,RUNNING,0:02,boost_usr_pr,1,4,62.50G,lrdn0992
29994679_4,l16t8,RUNNING,0:02,boost_usr_pr,1,4,62.50G,lrdn0855
29994679_5,l16t8,RUNNING,0:02,boost_usr_pr,1,4,62.50G,lrdn0855
29995460,julia-2256343,PENDING,0:00,boost_usr_pr,1,1,15400M,
29995463,b880-13,PENDING,0:00,boost_usr_pr,4,16,0,
29995459_[,l16t8,PENDING,0:00,boost_usr_pr,1,4,62.50G,
29995458_[,l16t8,PENDING,0:00,boost_usr_pr,1,4,62.50G,
29995457_[,l16t8,PENDING,0:00,boost_usr_pr,1,4,62.50G,
29995456_[,l16t8,PENDING,0:00,boost_usr_pr,1,4,62.50G,
29995455_[,l16t8,PENDING,0:00,boost_usr_pr,1,4,62.50G,
29995464,5 3 10 7.5 2789,PENDING,0:00,boost_usr_pr,1,1,15000M,
29995461,5 3 10 8.0 7435,PENDING,0:00,boost_usr_pr,1,1,15000M,
29995467,rsn_train,PENDING,0:00,boost_usr_pr,1,8,256G,
29995466,hrm_train,PENDING,0:00,boost_usr_pr,1,8,256G,
29995465,b880-15,PENDING,0:00,boost_usr_pr,4,16,0,
29995468,hostname,RUNNING,0:01,dcgp_usr_pro,1,1,1G,lrdn4992
29995438_4,l16t8,COMPLETI,0:02,boost_usr_pr,1,4,62.50G,lrdn3362
29995492_[,l16t8,PENDING,0:00,boost_usr_pr,1,4,62.50G,
29995491_[,l16t8,PENDING,0:00,boost_usr_pr,1,4,62.50G,
29995490,5 2 10 9.0 3458,PENDING,0:00,boost_usr_pr,1,1,15000M,
29995132_1,l16t8,RUNNING,0:02,boost_usr_pr,1,4,62.50G,lrdn1186
29995438_1,l16t8,RUNNING,0:02,boost_usr_pr,1,4,62.50G,lrdn3301
29995132_2,l16t8,RUNNING,0:02,boost_usr_pr,1,4,62.50G,lrdn1186
29995132_3,l16t8,RUNNING,0:02,boost_usr_pr,1,4,62.50G,lrdn1390
29995132_4,l16t8,RUNNING,0:02,boost_usr_pr,1,4,62.50G,lrdn1861
29995132_5,l16t8,RUNNING,0:02,boost_usr_pr,1,4,62.50G,lrdn1861
29995132_6,l16t8,RUNNING,0:02,boost_usr_pr,1,4,62.50G,lrdn3046
29995132_7,l16t8,RUNNING,0:02,boost_usr_pr,1,4,62.50G,lrdn3046
29995132_8,l16t8,RUNNING,0:02,boost_usr_pr,1,4,62.50G,lrdn3190
29995132_9,l16t8,RUNNING,0:02,boost_usr_pr,1,4,62.50G,lrdn3190
29995438_2,l16t8,RUNNING,0:02,boost_usr_pr,1,4,62.50G,lrdn3310
29995438_3,l16t8,RUNNING,0:02,boost_usr_pr,1,4,62.50G,lrdn3362
29995438_5,l16t8,RUNNING,0:02,boost_usr_pr,1,4,62.50G,lrdn0782
29995470,5 2 10 8.0 2378,RUNNING,0:02,boost_usr_pr,1,1,15000M,lrdn3456
29995469,de374h_ifs,RUNNING,0:08,lrd_all_seri,1,2,4G,login08
29995438_7,l16t8,COMPLETI,0:03,boost_usr_pr,1,4,62.50G,lrdn3052
29995438_8,l16t8,COMPLETI,0:03,boost_usr_pr,1,4,62.50G,lrdn3052
29995438_9,l16t8,COMPLETI,0:03,boost_usr_pr,1,4,62.50G,lrdn3052
29995514,ctest,PENDING,0:00,boost_usr_pr,1,16,15400M,
29995493,onethinker-rl,RUNNING,0:03,boost_usr_pr,1,32,0,lrdn1175
29995516,mlmd_inf,PENDING,0:00,boost_usr_pr,1,32,15400M,
29995515,hostname,RUNNING,0:02,dcgp_usr_pro,1,1,1G,lrdn4992
29995457_1,l16t8,COMPLETI,0:03,boost_usr_pr,1,4,62.50G,lrdn3362
29995459_1,l16t8,COMPLETI,0:03,boost_usr_pr,1,4,62.50G,lrdn3362
29995524,hybrid_solver,PENDING,0:00,boost_usr_pr,64,2048,300G,
29995528_[,l16t8,PENDING,0:00,boost_usr_pr,1,4,62.50G,
29995527_[,l16t8,PENDING,0:00,boost_usr_pr,1,4,62.50G,
29995526_[,l16t8,PENDING,0:00,boost_usr_pr,1,4,62.50G,
29995525_[,l16t8,PENDING,0:00,boost_usr_pr,1,4,62.50G,
29995517,convert_gemma2,RUNNING,0:08,boost_usr_pr,1,8,256G,lrdn3052
29995518,b880-12,RUNNING,0:03,boost_usr_pr,4,16,0,"lrdn[1863-1864,1868,1873]"
29995456_1,l16t8,RUNNING,0:03,boost_usr_pr,1,4,62.50G,lrdn3310
29995492_2,l16t8,COMPLETI,0:02,boost_usr_pr,1,4,62.50G,lrdn0340
29995549_[,l16t8,PENDING,0:00,boost_usr_pr,1,4,62.50G,
29995548_[,l16t8,PENDING,0:00,boost_usr_pr,1,4,62.50G,
29995186_1,l16t8,RUNNING,0:04,boost_usr_pr,1,4,62.50G,lrdn1845
29995186_2,l16t8,RUNNING,0:04,boost_usr_pr,1,4,62.50G,lrdn1845
29995186_3,l16t8,RUNNING,0:04,boost_usr_pr,1,4,62.50G,lrdn1845
29995186_4,l16t8,RUNNING,0:04,boost_usr_pr,1,4,62.50G,lrdn3052
29995186_5,l16t8,RUNNING,0:04,boost_usr_pr,1,4,62.50G,lrdn3052
29995186_6,l16t8,RUNNING,0:04,boost_usr_pr,1,4,62.50G,lrdn3052
29995186_7,l16t8,RUNNING,0:04,boost_usr_pr,1,4,62.50G,lrdn3301
29995186_8,l16t8,RUNNING,0:04,boost_usr_pr,1,4,62.50G,lrdn3310
29995186_9,l16t8,RUNNING,0:04,boost_usr_pr,1,4,62.50G,lrdn3362
29995550,Slurm2025-12-24,PENDING,0:00,dcgp_usr_pro,1,28,126G,
29995551,de374h_ifs,RUNNING,0:06,lrd_all_seri,1,2,4G,login13
29995554,hybrid_solver,PENDING,0:00,boost_usr_pr,64,2048,400G,
29995553,b880-9,PENDING,0:00,boost_usr_pr,4,16,0,
29995552,hostname,COMPLETI,0:02,dcgp_usr_pro,1,1,1G,lrdn4992
29995575,uranos_leonardo,PENDING,0:00,boost_usr_pr,1,1,15400M,
29995582,julia-2256343,PENDING,0:00,boost_usr_pr,1,1,15400M,
29995583_[,eval_intern35_2,PENDING,0:00,boost_usr_pr,1,8,15400M,
29995581_[,l16t8,PENDING,0:00,boost_usr_pr,1,4,62.50G,
29995580_[,l16t8,PENDING,0:00,boost_usr_pr,1,4,62.50G,
29995579_[,l16t8,PENDING,0:00,boost_usr_pr,1,4,62.50G,
29995578_[,l16t8,PENDING,0:00,boost_usr_pr,1,4,62.50G,
29995576,b880-17,RUNNING,0:05,boost_usr_pr,4,16,0,"lrdn[0340,0342,0349,0360]"
